{"type":"ClassificationForest","considered_feature_names":["APM","CandiNum","Gender","IPM","Latitude","Longitude","PPM","Party","Resident","Result"],"outcome_feature_name":"Result","trees":[{"name":"tree_LvGOjzERaVpUY6e9_0","fitness":0.7599999904632568,"weight":0.5154544711112976,"path":"tree_store/tree_LvGOjzERaVpUY6e9_0.json"},{"name":"tree_LvGOjzERaVpUY6e9_1","fitness":0.7222222089767456,"weight":0.35070085525512698,"path":"tree_store/tree_LvGOjzERaVpUY6e9_1.json"},{"name":"tree_LvGOjzERaVpUY6e9_2","fitness":0.8148148059844971,"weight":0.7425797581672669,"path":"tree_store/tree_LvGOjzERaVpUY6e9_2.json"},{"name":"tree_LvGOjzERaVpUY6e9_3","fitness":0.5652173757553101,"weight":0.01625829190015793,"path":"tree_store/tree_LvGOjzERaVpUY6e9_3.json"},{"name":"tree_LvGOjzERaVpUY6e9_4","fitness":0.8333333134651184,"weight":0.8046279549598694,"path":"tree_store/tree_LvGOjzERaVpUY6e9_4.json"},{"name":"tree_LvGOjzERaVpUY6e9_5","fitness":0.807692289352417,"weight":0.716245174407959,"path":"tree_store/tree_LvGOjzERaVpUY6e9_5.json"},{"name":"tree_LvGOjzERaVpUY6e9_6","fitness":0.5833333134651184,"weight":0.026461340487003328,"path":"tree_store/tree_LvGOjzERaVpUY6e9_6.json"},{"name":"tree_LvGOjzERaVpUY6e9_7","fitness":0.7916666865348816,"weight":0.6527045369148254,"path":"tree_store/tree_LvGOjzERaVpUY6e9_7.json"},{"name":"tree_LvGOjzERaVpUY6e9_8","fitness":0.8421052694320679,"weight":0.8305391073226929,"path":"tree_store/tree_LvGOjzERaVpUY6e9_8.json"},{"name":"tree_LvGOjzERaVpUY6e9_9","fitness":0.6818181872367859,"weight":0.20187145471572877,"path":"tree_store/tree_LvGOjzERaVpUY6e9_9.json"},{"name":"tree_LvGOjzERaVpUY6e9_10","fitness":0.807692289352417,"weight":0.716245174407959,"path":"tree_store/tree_LvGOjzERaVpUY6e9_10.json"},{"name":"tree_LvGOjzERaVpUY6e9_11","fitness":0.8064516186714172,"weight":0.7115294337272644,"path":"tree_store/tree_LvGOjzERaVpUY6e9_11.json"},{"name":"tree_LvGOjzERaVpUY6e9_12","fitness":0.7368420958518982,"weight":0.41291701793670657,"path":"tree_store/tree_LvGOjzERaVpUY6e9_12.json"},{"name":"tree_LvGOjzERaVpUY6e9_13","fitness":0.6521739363670349,"weight":0.12175910174846649,"path":"tree_store/tree_LvGOjzERaVpUY6e9_13.json"},{"name":"tree_LvGOjzERaVpUY6e9_14","fitness":0.8823529481887817,"weight":0.9201493263244629,"path":"tree_store/tree_LvGOjzERaVpUY6e9_14.json"},{"name":"tree_LvGOjzERaVpUY6e9_15","fitness":0.739130437374115,"weight":0.42290204763412478,"path":"tree_store/tree_LvGOjzERaVpUY6e9_15.json"},{"name":"tree_LvGOjzERaVpUY6e9_16","fitness":0.6551724076271057,"weight":0.12866397202014924,"path":"tree_store/tree_LvGOjzERaVpUY6e9_16.json"},{"name":"tree_LvGOjzERaVpUY6e9_17","fitness":0.8399999737739563,"weight":0.8245307803153992,"path":"tree_store/tree_LvGOjzERaVpUY6e9_17.json"},{"name":"tree_LvGOjzERaVpUY6e9_18","fitness":0.5714285969734192,"weight":0.019292296841740609,"path":"tree_store/tree_LvGOjzERaVpUY6e9_18.json"},{"name":"tree_LvGOjzERaVpUY6e9_19","fitness":0.7272727489471436,"weight":0.3718385696411133,"path":"tree_store/tree_LvGOjzERaVpUY6e9_19.json"},{"name":"tree_LvGOjzERaVpUY6e9_20","fitness":0.75,"weight":0.4709013104438782,"path":"tree_store/tree_LvGOjzERaVpUY6e9_20.json"},{"name":"tree_LvGOjzERaVpUY6e9_21","fitness":0.7058823704719544,"weight":0.2856862545013428,"path":"tree_store/tree_LvGOjzERaVpUY6e9_21.json"},{"name":"tree_LvGOjzERaVpUY6e9_22","fitness":0.9130434989929199,"weight":0.9598590135574341,"path":"tree_store/tree_LvGOjzERaVpUY6e9_22.json"},{"name":"tree_LvGOjzERaVpUY6e9_23","fitness":0.6666666865348816,"weight":0.15762242674827577,"path":"tree_store/tree_LvGOjzERaVpUY6e9_23.json"},{"name":"tree_LvGOjzERaVpUY6e9_24","fitness":0.7692307829856873,"weight":0.5564224720001221,"path":"tree_store/tree_LvGOjzERaVpUY6e9_24.json"},{"name":"tree_LvGOjzERaVpUY6e9_25","fitness":0.8055555820465088,"weight":0.7081007361412048,"path":"tree_store/tree_LvGOjzERaVpUY6e9_25.json"},{"name":"tree_LvGOjzERaVpUY6e9_27","fitness":0.875,"weight":0.9072328209877014,"path":"tree_store/tree_LvGOjzERaVpUY6e9_27.json"},{"name":"tree_LvGOjzERaVpUY6e9_26","fitness":0.6399999856948853,"weight":0.09640942513942719,"path":"tree_store/tree_LvGOjzERaVpUY6e9_26.json"},{"name":"tree_LvGOjzERaVpUY6e9_28","fitness":0.8260869383811951,"weight":0.7815057039260864,"path":"tree_store/tree_LvGOjzERaVpUY6e9_28.json"},{"name":"tree_LvGOjzERaVpUY6e9_29","fitness":0.7647058963775635,"weight":0.5363880395889282,"path":"tree_store/tree_LvGOjzERaVpUY6e9_29.json"},{"name":"tree_LvGOjzERaVpUY6e9_30","fitness":0.6000000238418579,"weight":0.040119919925928119,"path":"tree_store/tree_LvGOjzERaVpUY6e9_30.json"},{"name":"tree_LvGOjzERaVpUY6e9_31","fitness":0.8571428656578064,"weight":0.8695670962333679,"path":"tree_store/tree_LvGOjzERaVpUY6e9_31.json"},{"name":"tree_LvGOjzERaVpUY6e9_32","fitness":0.7727272510528565,"weight":0.5718079805374146,"path":"tree_store/tree_LvGOjzERaVpUY6e9_32.json"},{"name":"tree_LvGOjzERaVpUY6e9_33","fitness":0.7307692170143127,"weight":0.3867063522338867,"path":"tree_store/tree_LvGOjzERaVpUY6e9_33.json"},{"name":"tree_LvGOjzERaVpUY6e9_34","fitness":0.7777777910232544,"weight":0.5938345789909363,"path":"tree_store/tree_LvGOjzERaVpUY6e9_34.json"},{"name":"tree_LvGOjzERaVpUY6e9_36","fitness":0.8823529481887817,"weight":0.9201493263244629,"path":"tree_store/tree_LvGOjzERaVpUY6e9_36.json"},{"name":"tree_LvGOjzERaVpUY6e9_35","fitness":0.7647058963775635,"weight":0.5363880395889282,"path":"tree_store/tree_LvGOjzERaVpUY6e9_35.json"},{"name":"tree_LvGOjzERaVpUY6e9_37","fitness":0.8571428656578064,"weight":0.8695670962333679,"path":"tree_store/tree_LvGOjzERaVpUY6e9_37.json"},{"name":"tree_LvGOjzERaVpUY6e9_38","fitness":0.8500000238418579,"weight":0.8518784642219544,"path":"tree_store/tree_LvGOjzERaVpUY6e9_38.json"},{"name":"tree_LvGOjzERaVpUY6e9_39","fitness":0.807692289352417,"weight":0.716245174407959,"path":"tree_store/tree_LvGOjzERaVpUY6e9_39.json"},{"name":"tree_LvGOjzERaVpUY6e9_40","fitness":0.7142857313156128,"weight":0.31842008233070376,"path":"tree_store/tree_LvGOjzERaVpUY6e9_40.json"},{"name":"tree_LvGOjzERaVpUY6e9_41","fitness":0.8333333134651184,"weight":0.8046279549598694,"path":"tree_store/tree_LvGOjzERaVpUY6e9_41.json"},{"name":"tree_LvGOjzERaVpUY6e9_42","fitness":0.9583333134651184,"weight":0.9879389405250549,"path":"tree_store/tree_LvGOjzERaVpUY6e9_42.json"},{"name":"tree_LvGOjzERaVpUY6e9_43","fitness":0.7857142686843872,"weight":0.6278303861618042,"path":"tree_store/tree_LvGOjzERaVpUY6e9_43.json"},{"name":"tree_LvGOjzERaVpUY6e9_44","fitness":0.6363636255264282,"weight":0.08964850008487702,"path":"tree_store/tree_LvGOjzERaVpUY6e9_44.json"},{"name":"tree_LvGOjzERaVpUY6e9_45","fitness":0.7647058963775635,"weight":0.5363880395889282,"path":"tree_store/tree_LvGOjzERaVpUY6e9_45.json"},{"name":"tree_LvGOjzERaVpUY6e9_46","fitness":0.8518518805503845,"weight":0.8566115498542786,"path":"tree_store/tree_LvGOjzERaVpUY6e9_46.json"},{"name":"tree_LvGOjzERaVpUY6e9_47","fitness":0.5,"weight":0.002073064912110567,"path":"tree_store/tree_LvGOjzERaVpUY6e9_47.json"},{"name":"tree_LvGOjzERaVpUY6e9_48","fitness":0.7407407164573669,"weight":0.42995864152908327,"path":"tree_store/tree_LvGOjzERaVpUY6e9_48.json"},{"name":"tree_LvGOjzERaVpUY6e9_49","fitness":0.6363636255264282,"weight":0.08964850008487702,"path":"tree_store/tree_LvGOjzERaVpUY6e9_49.json"},{"name":"tree_LvGOjzERaVpUY6e9_50","fitness":0.8333333134651184,"weight":0.8046279549598694,"path":"tree_store/tree_LvGOjzERaVpUY6e9_50.json"},{"name":"tree_LvGOjzERaVpUY6e9_51","fitness":0.8260869383811951,"weight":0.7815057039260864,"path":"tree_store/tree_LvGOjzERaVpUY6e9_51.json"},{"name":"tree_LvGOjzERaVpUY6e9_52","fitness":0.6666666865348816,"weight":0.15762242674827577,"path":"tree_store/tree_LvGOjzERaVpUY6e9_52.json"},{"name":"tree_LvGOjzERaVpUY6e9_53","fitness":0.8214285969734192,"weight":0.7658445835113525,"path":"tree_store/tree_LvGOjzERaVpUY6e9_53.json"},{"name":"tree_LvGOjzERaVpUY6e9_54","fitness":0.7368420958518982,"weight":0.41291701793670657,"path":"tree_store/tree_LvGOjzERaVpUY6e9_54.json"},{"name":"tree_LvGOjzERaVpUY6e9_55","fitness":0.8709677457809448,"weight":0.8995240330696106,"path":"tree_store/tree_LvGOjzERaVpUY6e9_55.json"},{"name":"tree_LvGOjzERaVpUY6e9_56","fitness":0.8285714387893677,"weight":0.7896055579185486,"path":"tree_store/tree_LvGOjzERaVpUY6e9_56.json"},{"name":"tree_LvGOjzERaVpUY6e9_57","fitness":0.6666666865348816,"weight":0.15762242674827577,"path":"tree_store/tree_LvGOjzERaVpUY6e9_57.json"},{"name":"tree_LvGOjzERaVpUY6e9_58","fitness":0.8399999737739563,"weight":0.8245307803153992,"path":"tree_store/tree_LvGOjzERaVpUY6e9_58.json"},{"name":"tree_LvGOjzERaVpUY6e9_59","fitness":0.8636363744735718,"weight":0.8843299150466919,"path":"tree_store/tree_LvGOjzERaVpUY6e9_59.json"},{"name":"tree_LvGOjzERaVpUY6e9_60","fitness":0.8214285969734192,"weight":0.7658445835113525,"path":"tree_store/tree_LvGOjzERaVpUY6e9_60.json"},{"name":"tree_LvGOjzERaVpUY6e9_61","fitness":0.739130437374115,"weight":0.42290204763412478,"path":"tree_store/tree_LvGOjzERaVpUY6e9_61.json"},{"name":"tree_LvGOjzERaVpUY6e9_62","fitness":0.7222222089767456,"weight":0.35070085525512698,"path":"tree_store/tree_LvGOjzERaVpUY6e9_62.json"},{"name":"tree_LvGOjzERaVpUY6e9_63","fitness":0.800000011920929,"weight":0.6864312291145325,"path":"tree_store/tree_LvGOjzERaVpUY6e9_63.json"},{"name":"tree_LvGOjzERaVpUY6e9_64","fitness":0.7419354915618897,"weight":0.4352090060710907,"path":"tree_store/tree_LvGOjzERaVpUY6e9_64.json"},{"name":"tree_LvGOjzERaVpUY6e9_65","fitness":0.7200000286102295,"weight":0.34154048562049868,"path":"tree_store/tree_LvGOjzERaVpUY6e9_65.json"},{"name":"tree_LvGOjzERaVpUY6e9_66","fitness":0.8571428656578064,"weight":0.8695670962333679,"path":"tree_store/tree_LvGOjzERaVpUY6e9_66.json"},{"name":"tree_LvGOjzERaVpUY6e9_67","fitness":0.7575757503509522,"weight":0.5046502351760864,"path":"tree_store/tree_LvGOjzERaVpUY6e9_67.json"},{"name":"tree_LvGOjzERaVpUY6e9_69","fitness":0.625,"weight":0.07079246640205383,"path":"tree_store/tree_LvGOjzERaVpUY6e9_69.json"},{"name":"tree_LvGOjzERaVpUY6e9_68","fitness":0.8518518805503845,"weight":0.8566115498542786,"path":"tree_store/tree_LvGOjzERaVpUY6e9_68.json"},{"name":"tree_LvGOjzERaVpUY6e9_70","fitness":0.7692307829856873,"weight":0.5564224720001221,"path":"tree_store/tree_LvGOjzERaVpUY6e9_70.json"},{"name":"tree_LvGOjzERaVpUY6e9_71","fitness":0.75,"weight":0.4709013104438782,"path":"tree_store/tree_LvGOjzERaVpUY6e9_71.json"},{"name":"tree_LvGOjzERaVpUY6e9_72","fitness":0.6363636255264282,"weight":0.08964850008487702,"path":"tree_store/tree_LvGOjzERaVpUY6e9_72.json"},{"name":"tree_LvGOjzERaVpUY6e9_73","fitness":0.7037037014961243,"weight":0.2774684727191925,"path":"tree_store/tree_LvGOjzERaVpUY6e9_73.json"},{"name":"tree_LvGOjzERaVpUY6e9_74","fitness":0.695652186870575,"weight":0.2481393963098526,"path":"tree_store/tree_LvGOjzERaVpUY6e9_74.json"},{"name":"tree_LvGOjzERaVpUY6e9_75","fitness":0.837837815284729,"weight":0.818221390247345,"path":"tree_store/tree_LvGOjzERaVpUY6e9_75.json"},{"name":"tree_LvGOjzERaVpUY6e9_76","fitness":0.7096773982048035,"weight":0.3002711534500122,"path":"tree_store/tree_LvGOjzERaVpUY6e9_76.json"},{"name":"tree_LvGOjzERaVpUY6e9_77","fitness":0.8214285969734192,"weight":0.7658445835113525,"path":"tree_store/tree_LvGOjzERaVpUY6e9_77.json"},{"name":"tree_LvGOjzERaVpUY6e9_79","fitness":0.6666666865348816,"weight":0.15762242674827577,"path":"tree_store/tree_LvGOjzERaVpUY6e9_79.json"},{"name":"tree_LvGOjzERaVpUY6e9_78","fitness":0.800000011920929,"weight":0.6864312291145325,"path":"tree_store/tree_LvGOjzERaVpUY6e9_78.json"},{"name":"tree_LvGOjzERaVpUY6e9_80","fitness":0.761904776096344,"weight":0.5239360332489014,"path":"tree_store/tree_LvGOjzERaVpUY6e9_80.json"},{"name":"tree_LvGOjzERaVpUY6e9_81","fitness":0.7200000286102295,"weight":0.34154048562049868,"path":"tree_store/tree_LvGOjzERaVpUY6e9_81.json"},{"name":"tree_LvGOjzERaVpUY6e9_82","fitness":0.8125,"weight":0.7341623306274414,"path":"tree_store/tree_LvGOjzERaVpUY6e9_82.json"},{"name":"tree_LvGOjzERaVpUY6e9_83","fitness":0.7692307829856873,"weight":0.5564224720001221,"path":"tree_store/tree_LvGOjzERaVpUY6e9_83.json"},{"name":"tree_LvGOjzERaVpUY6e9_84","fitness":0.8518518805503845,"weight":0.8566115498542786,"path":"tree_store/tree_LvGOjzERaVpUY6e9_84.json"},{"name":"tree_LvGOjzERaVpUY6e9_85","fitness":0.523809552192688,"weight":0.004651064984500408,"path":"tree_store/tree_LvGOjzERaVpUY6e9_85.json"},{"name":"tree_LvGOjzERaVpUY6e9_86","fitness":0.6428571343421936,"weight":0.10197893530130387,"path":"tree_store/tree_LvGOjzERaVpUY6e9_86.json"},{"name":"tree_LvGOjzERaVpUY6e9_87","fitness":0.8928571343421936,"weight":0.9361786842346191,"path":"tree_store/tree_LvGOjzERaVpUY6e9_87.json"},{"name":"tree_LvGOjzERaVpUY6e9_88","fitness":0.7599999904632568,"weight":0.5154544711112976,"path":"tree_store/tree_LvGOjzERaVpUY6e9_88.json"},{"name":"tree_LvGOjzERaVpUY6e9_89","fitness":0.7777777910232544,"weight":0.5938345789909363,"path":"tree_store/tree_LvGOjzERaVpUY6e9_89.json"},{"name":"tree_LvGOjzERaVpUY6e9_90","fitness":0.692307710647583,"weight":0.2364613115787506,"path":"tree_store/tree_LvGOjzERaVpUY6e9_90.json"},{"name":"tree_LvGOjzERaVpUY6e9_91","fitness":0.7272727489471436,"weight":0.3718385696411133,"path":"tree_store/tree_LvGOjzERaVpUY6e9_91.json"},{"name":"tree_LvGOjzERaVpUY6e9_92","fitness":0.7083333134651184,"weight":0.2950671911239624,"path":"tree_store/tree_LvGOjzERaVpUY6e9_92.json"},{"name":"tree_LvGOjzERaVpUY6e9_93","fitness":0.8571428656578064,"weight":0.8695670962333679,"path":"tree_store/tree_LvGOjzERaVpUY6e9_93.json"},{"name":"tree_LvGOjzERaVpUY6e9_94","fitness":0.6538461446762085,"weight":0.12557704746723176,"path":"tree_store/tree_LvGOjzERaVpUY6e9_94.json"},{"name":"tree_LvGOjzERaVpUY6e9_95","fitness":0.6363636255264282,"weight":0.08964850008487702,"path":"tree_store/tree_LvGOjzERaVpUY6e9_95.json"},{"name":"tree_LvGOjzERaVpUY6e9_97","fitness":0.6842105388641357,"weight":0.20948195457458497,"path":"tree_store/tree_LvGOjzERaVpUY6e9_97.json"},{"name":"tree_LvGOjzERaVpUY6e9_96","fitness":0.8125,"weight":0.7341623306274414,"path":"tree_store/tree_LvGOjzERaVpUY6e9_96.json"},{"name":"tree_LvGOjzERaVpUY6e9_98","fitness":0.8285714387893677,"weight":0.7896055579185486,"path":"tree_store/tree_LvGOjzERaVpUY6e9_98.json"},{"name":"tree_LvGOjzERaVpUY6e9_99","fitness":0.699999988079071,"weight":0.2637690603733063,"path":"tree_store/tree_LvGOjzERaVpUY6e9_99.json"}]}