{"predicate":{"type":"Membership","name":"Party","subset":["Berkarya","Garuda","Hanura","PBB","PKPI","PSI","Perindo"]},"left":{"predicate":{"type":"Membership","name":"Party","subset":["Berkarya","Garuda","Gerindra","Hanura","PBB","PDIP","PKPI","PSI","Perindo"]},"left":{"predicate":{"type":"Membership","name":"Gender","subset":["F"]},"left":{"predicate":{"type":"Membership","name":"Party","subset":["Berkarya","Garuda","Gerindra","Golkar","Hanura","PBB","PDIP","PKB","PKPI","PKS","PSI","Perindo"]},"left":{"predicate":{"type":">=","left":{"type":"ArithmeticVariable","name":"CandiNum"},"right":{"type":"ArithmeticConstant","value":1.0087890625}},"left":{"predicate":{"type":">=","left":{"type":"ArithmeticVariable","name":"PPM"},"right":{"type":"ArithmeticConstant","value":12.401533126831055}},"left":{"predicate":{"type":">=","left":{"type":"ArithmeticVariable","name":"Longitude"},"right":{"type":"ArithmeticConstant","value":105.18728637695313}},"left":{"aggregate":[0.0,21.0]},"right":{"aggregate":[13.0,43.0]}},"right":{"aggregate":[0.0,19.0]}},"right":{"predicate":{"type":">=","left":{"type":"ArithmeticVariable","name":"Latitude"},"right":{"type":"ArithmeticConstant","value":-8.5565824508667}},"left":{"aggregate":[7.0,0.0]},"right":{"predicate":{"type":">=","left":{"type":"ArithmeticVariable","name":"PPM"},"right":{"type":"ArithmeticConstant","value":7.438691139221191}},"left":{"aggregate":[18.0,2.0]},"right":{"predicate":{"type":">=","left":{"type":"ArithmeticVariable","name":"Longitude"},"right":{"type":"ArithmeticConstant","value":111.20267486572266}},"left":{"aggregate":[31.0,13.0]},"right":{"aggregate":[12.0,14.0]}}}}},"right":{"predicate":{"type":">=","left":{"type":"ArithmeticVariable","name":"Latitude"},"right":{"type":"ArithmeticConstant","value":3.4281740188598635}},"left":{"predicate":{"type":">=","left":{"type":"ArithmeticVariable","name":"APM"},"right":{"type":"ArithmeticConstant","value":70.46646118164063}},"left":{"predicate":{"type":">=","left":{"type":"ArithmeticVariable","name":"IPM"},"right":{"type":"ArithmeticConstant","value":69.24385833740235}},"left":{"aggregate":[7.0,33.0]},"right":{"predicate":{"type":"Membership","name":"Party","subset":["Berkarya","Demokrat","Garuda","Gerindra","Hanura","NasDem","PAN","PBB","PDIP","PKB","PKPI","PPP","PSI","Perindo"]},"left":{"predicate":{"type":"Membership","name":"Resident","subset":["Yes"]},"left":{"aggregate":[11.0,39.0]},"right":{"aggregate":[10.0,10.0]}},"right":{"aggregate":[13.0,15.0]}}},"right":{"aggregate":[4.0,22.0]}},"right":{"aggregate":[0.0,4.0]}}},"right":{"predicate":{"type":">=","left":{"type":"ArithmeticVariable","name":"CandiNum"},"right":{"type":"ArithmeticConstant","value":2.001953125}},"left":{"predicate":{"type":">=","left":{"type":"ArithmeticVariable","name":"IPM"},"right":{"type":"ArithmeticConstant","value":63.757667541503909}},"left":{"aggregate":[0.0,2.0]},"right":{"predicate":{"type":">=","left":{"type":"ArithmeticVariable","name":"Longitude"},"right":{"type":"ArithmeticConstant","value":109.17044830322266}},"left":{"aggregate":[6.0,27.0]},"right":{"aggregate":[16.0,22.0]}}},"right":{"predicate":{"type":">=","left":{"type":"ArithmeticVariable","name":"Latitude"},"right":{"type":"ArithmeticConstant","value":-9.836240768432618}},"left":{"aggregate":[0.0,2.0]},"right":{"predicate":{"type":"Membership","name":"Party","subset":["Berkarya","Garuda","Gerindra","Golkar","Hanura","NasDem","PBB","PDIP","PKPI","PSI","Perindo"]},"left":{"predicate":{"type":"Membership","name":"Resident","subset":["No"]},"left":{"aggregate":[26.0,4.0]},"right":{"aggregate":[35.0,0.0]}},"right":{"aggregate":[15.0,14.0]}}}}},"right":{"predicate":{"type":">=","left":{"type":"ArithmeticVariable","name":"IPM"},"right":{"type":"ArithmeticConstant","value":78.15262603759766}},"left":{"predicate":{"type":">=","left":{"type":"ArithmeticVariable","name":"CandiNum"},"right":{"type":"ArithmeticConstant","value":2.001953125}},"left":{"predicate":{"type":">=","left":{"type":"ArithmeticVariable","name":"APM"},"right":{"type":"ArithmeticConstant","value":32.24755859375}},"left":{"aggregate":[1.0,1.0]},"right":{"predicate":{"type":">=","left":{"type":"ArithmeticVariable","name":"Longitude"},"right":{"type":"ArithmeticConstant","value":110.75558471679688}},"left":{"predicate":{"type":">=","left":{"type":"ArithmeticVariable","name":"APM"},"right":{"type":"ArithmeticConstant","value":62.2355842590332}},"left":{"aggregate":[0.0,37.0]},"right":{"aggregate":[2.0,33.0]}},"right":{"aggregate":[7.0,53.0]}}},"right":{"predicate":{"type":">=","left":{"type":"ArithmeticVariable","name":"IPM"},"right":{"type":"ArithmeticConstant","value":70.75381469726563}},"left":{"aggregate":[28.0,9.0]},"right":{"aggregate":[18.0,20.0]}}},"right":{"aggregate":[0.0,15.0]}}},"right":{"aggregate":[193.0,0.0]}}