{"predicate":{"type":">=","left":{"type":"ArithmeticVariable","name":"CandiNum"},"right":{"type":"ArithmeticConstant","value":2.001953125}},"left":{"predicate":{"type":"Membership","name":"Gender","subset":["M"]},"left":{"predicate":{"type":">=","left":{"type":"ArithmeticVariable","name":"CandiNum"},"right":{"type":"ArithmeticConstant","value":1.0087890625}},"left":{"aggregate":[11.0,51.0]},"right":{"aggregate":[24.0,24.0]}},"right":{"predicate":{"type":">=","left":{"type":"ArithmeticVariable","name":"CandiNum"},"right":{"type":"ArithmeticConstant","value":1.0087890625}},"left":{"predicate":{"type":">=","left":{"type":"ArithmeticVariable","name":"Longitude"},"right":{"type":"ArithmeticConstant","value":119.90060424804688}},"left":{"predicate":{"type":">=","left":{"type":"ArithmeticVariable","name":"IPM"},"right":{"type":"ArithmeticConstant","value":78.98310089111328}},"left":{"predicate":{"type":">=","left":{"type":"ArithmeticVariable","name":"PPM"},"right":{"type":"ArithmeticConstant","value":14.41087818145752}},"left":{"predicate":{"type":">=","left":{"type":"ArithmeticVariable","name":"Latitude"},"right":{"type":"ArithmeticConstant","value":-2.392207145690918}},"left":{"predicate":{"type":"Membership","name":"Party","subset":["Demokrat","Gerindra","Golkar","NasDem","PAN","PBB","PDIP","PKB","PKS","PPP"]},"left":{"aggregate":[10.0,0.0]},"right":{"predicate":{"type":">=","left":{"type":"ArithmeticVariable","name":"Latitude"},"right":{"type":"ArithmeticConstant","value":-8.5565824508667}},"left":{"aggregate":[1.0,2.0]},"right":{"predicate":{"type":">=","left":{"type":"ArithmeticVariable","name":"Latitude"},"right":{"type":"ArithmeticConstant","value":-7.125566482543945}},"left":{"aggregate":[1.0,49.0]},"right":{"predicate":{"type":">=","left":{"type":"ArithmeticVariable","name":"APM"},"right":{"type":"ArithmeticConstant","value":59.587890625}},"left":{"aggregate":[3.0,28.0]},"right":{"aggregate":[0.0,62.0]}}}}},"right":{"aggregate":[2.0,53.0]}},"right":{"aggregate":[4.0,15.0]}},"right":{"aggregate":[5.0,13.0]}},"right":{"aggregate":[7.0,25.0]}},"right":{"predicate":{"type":">=","left":{"type":"ArithmeticVariable","name":"Longitude"},"right":{"type":"ArithmeticConstant","value":111.56847381591797}},"left":{"aggregate":[19.0,43.0]},"right":{"aggregate":[27.0,18.0]}}}},"right":{"predicate":{"type":"Membership","name":"Party","subset":["Berkarya","Demokrat","Garuda","Gerindra","Hanura","PAN","PBB","PKPI","PKS","PPP","PSI","Perindo"]},"left":{"predicate":{"type":"Membership","name":"Resident","subset":["Yes"]},"left":{"predicate":{"type":">=","left":{"type":"ArithmeticVariable","name":"APM"},"right":{"type":"ArithmeticConstant","value":79.8485107421875}},"left":{"predicate":{"type":"Membership","name":"Party","subset":["Hanura","PBB","PKB","PKPI"]},"left":{"predicate":{"type":">=","left":{"type":"ArithmeticVariable","name":"CandiNum"},"right":{"type":"ArithmeticConstant","value":5.0078125}},"left":{"aggregate":[26.0,18.0]},"right":{"aggregate":[25.0,3.0]}},"right":{"aggregate":[17.0,0.0]}},"right":{"aggregate":[1.0,4.0]}},"right":{"predicate":{"type":">=","left":{"type":"ArithmeticVariable","name":"CandiNum"},"right":{"type":"ArithmeticConstant","value":5.0078125}},"left":{"aggregate":[23.0,32.0]},"right":{"aggregate":[25.0,12.0]}}},"right":{"predicate":{"type":">=","left":{"type":"ArithmeticVariable","name":"Latitude"},"right":{"type":"ArithmeticConstant","value":-3.6856250762939455}},"left":{"predicate":{"type":"Membership","name":"Resident","subset":["No"]},"left":{"predicate":{"type":">=","left":{"type":"ArithmeticVariable","name":"IPM"},"right":{"type":"ArithmeticConstant","value":64.56298065185547}},"left":{"aggregate":[8.0,0.0]},"right":{"predicate":{"type":">=","left":{"type":"ArithmeticVariable","name":"APM"},"right":{"type":"ArithmeticConstant","value":34.434783935546878}},"left":{"aggregate":[2.0,2.0]},"right":{"aggregate":[59.0,4.0]}}},"right":{"aggregate":[132.0,0.0]}},"right":{"aggregate":[53.0,7.0]}}}}