{"predicate":{"type":">=","left":{"type":"ArithmeticVariable","name":"CandiNum"},"right":{"type":"ArithmeticConstant","value":2.001953125}},"left":{"predicate":{"type":"Membership","name":"Party","subset":["Berkarya","Garuda","Hanura","PBB","PKPI","PSI","Perindo"]},"left":{"predicate":{"type":">=","left":{"type":"ArithmeticVariable","name":"CandiNum"},"right":{"type":"ArithmeticConstant","value":1.0087890625}},"left":{"predicate":{"type":">=","left":{"type":"ArithmeticVariable","name":"Latitude"},"right":{"type":"ArithmeticConstant","value":-7.276924133300781}},"left":{"predicate":{"type":"Membership","name":"Party","subset":["Berkarya","Demokrat","Garuda","Gerindra","Golkar","Hanura","PBB","PDIP","PKB","PKPI","PPP","PSI","Perindo"]},"left":{"aggregate":[2.0,15.0]},"right":{"aggregate":[0.0,69.0]}},"right":{"predicate":{"type":">=","left":{"type":"ArithmeticVariable","name":"APM"},"right":{"type":"ArithmeticConstant","value":75.9920883178711}},"left":{"predicate":{"type":">=","left":{"type":"ArithmeticVariable","name":"PPM"},"right":{"type":"ArithmeticConstant","value":10.101678848266602}},"left":{"aggregate":[2.0,118.0]},"right":{"predicate":{"type":"Membership","name":"Party","subset":["Berkarya","Garuda","Gerindra","Golkar","Hanura","NasDem","PBB","PKB","PKPI","PKS","PPP","PSI","Perindo"]},"left":{"aggregate":[0.0,31.0]},"right":{"aggregate":[9.0,47.0]}}},"right":{"aggregate":[6.0,21.0]}}},"right":{"predicate":{"type":">=","left":{"type":"ArithmeticVariable","name":"PPM"},"right":{"type":"ArithmeticConstant","value":7.414482116699219}},"left":{"aggregate":[17.0,15.0]},"right":{"predicate":{"type":"Membership","name":"Party","subset":["Berkarya","Demokrat","Garuda","Gerindra","Golkar","Hanura","PBB","PDIP","PKPI","PSI","Perindo"]},"left":{"aggregate":[19.0,21.0]},"right":{"aggregate":[8.0,48.0]}}}},"right":{"aggregate":[59.0,0.0]}},"right":{"predicate":{"type":"Membership","name":"Party","subset":["Berkarya","Demokrat","Garuda","Gerindra","Hanura","PAN","PBB","PKB","PKPI","PKS","PPP","PSI","Perindo"]},"left":{"predicate":{"type":">=","left":{"type":"ArithmeticVariable","name":"Longitude"},"right":{"type":"ArithmeticConstant","value":113.3568344116211}},"left":{"predicate":{"type":"Membership","name":"Resident","subset":["No"]},"left":{"aggregate":[20.0,23.0]},"right":{"aggregate":[36.0,18.0]}},"right":{"aggregate":[7.0,23.0]}},"right":{"predicate":{"type":"Membership","name":"Resident","subset":["No"]},"left":{"predicate":{"type":">=","left":{"type":"ArithmeticVariable","name":"IPM"},"right":{"type":"ArithmeticConstant","value":70.4014892578125}},"left":{"predicate":{"type":"Membership","name":"Party","subset":["Berkarya","Garuda","Gerindra","Golkar","Hanura","NasDem","PBB","PDIP","PKPI","PKS","PPP","PSI","Perindo"]},"left":{"aggregate":[24.0,4.0]},"right":{"aggregate":[37.0,0.0]}},"right":{"aggregate":[51.0,11.0]}},"right":{"aggregate":[164.0,2.0]}}}}