{"predicate":{"type":">=","left":{"type":"ArithmeticVariable","name":"APM"},"right":{"type":"ArithmeticConstant","value":54.23493957519531}},"left":{"predicate":{"type":">=","left":{"type":"ArithmeticVariable","name":"CandiNum"},"right":{"type":"ArithmeticConstant","value":1.0087890625}},"left":{"aggregate":[6.0,45.0]},"right":{"predicate":{"type":"Membership","name":"Party","subset":["Demokrat","Gerindra","Golkar","NasDem","PAN","PDIP","PKB","PKPI","PKS","PPP"]},"left":{"aggregate":[19.0,0.0]},"right":{"predicate":{"type":"Membership","name":"Gender","subset":["M"]},"left":{"aggregate":[36.0,3.0]},"right":{"aggregate":[26.0,21.0]}}}},"right":{"predicate":{"type":">=","left":{"type":"ArithmeticVariable","name":"CandiNum"},"right":{"type":"ArithmeticConstant","value":2.001953125}},"left":{"predicate":{"type":"Membership","name":"Party","subset":["Berkarya","Garuda","Hanura","PBB","PKPI","PSI","Perindo"]},"left":{"predicate":{"type":">=","left":{"type":"ArithmeticVariable","name":"Latitude"},"right":{"type":"ArithmeticConstant","value":-6.355019569396973}},"left":{"predicate":{"type":">=","left":{"type":"ArithmeticVariable","name":"Longitude"},"right":{"type":"ArithmeticConstant","value":109.12979888916016}},"left":{"aggregate":[1.0,63.0]},"right":{"predicate":{"type":">=","left":{"type":"ArithmeticVariable","name":"Longitude"},"right":{"type":"ArithmeticConstant","value":112.01556396484375}},"left":{"predicate":{"type":">=","left":{"type":"ArithmeticVariable","name":"PPM"},"right":{"type":"ArithmeticConstant","value":12.377324104309082}},"left":{"aggregate":[6.0,37.0]},"right":{"aggregate":[0.0,28.0]}},"right":{"aggregate":[10.0,35.0]}}},"right":{"predicate":{"type":">=","left":{"type":"ArithmeticVariable","name":"PPM"},"right":{"type":"ArithmeticConstant","value":12.401533126831055}},"left":{"predicate":{"type":"Membership","name":"Gender","subset":["M"]},"left":{"aggregate":[9.0,23.0]},"right":{"predicate":{"type":"Membership","name":"Party","subset":["Berkarya","Demokrat","Garuda","Hanura","PAN","PBB","PDIP","PKPI","PKS","PSI","Perindo"]},"left":{"aggregate":[14.0,49.0]},"right":{"predicate":{"type":">=","left":{"type":"ArithmeticVariable","name":"CandiNum"},"right":{"type":"ArithmeticConstant","value":1.0087890625}},"left":{"aggregate":[1.0,51.0]},"right":{"aggregate":[2.0,13.0]}}}},"right":{"aggregate":[13.0,26.0]}}},"right":{"aggregate":[64.0,0.0]}},"right":{"predicate":{"type":">=","left":{"type":"ArithmeticVariable","name":"Longitude"},"right":{"type":"ArithmeticConstant","value":110.38978576660156}},"left":{"predicate":{"type":"Membership","name":"Party","subset":["Demokrat","Golkar","NasDem","PAN","PDIP","PKB","PKS","PPP"]},"left":{"aggregate":[84.0,0.0]},"right":{"predicate":{"type":"Membership","name":"Party","subset":["Berkarya","Garuda","Gerindra","Golkar","Hanura","NasDem","PBB","PDIP","PKPI","PSI","Perindo"]},"left":{"aggregate":[54.0,8.0]},"right":{"aggregate":[41.0,23.0]}}},"right":{"predicate":{"type":"Membership","name":"Party","subset":["Berkarya","Demokrat","Garuda","Gerindra","Hanura","PAN","PBB","PKPI","PKS","PPP","PSI","Perindo"]},"left":{"aggregate":[25.0,36.0]},"right":{"predicate":{"type":">=","left":{"type":"ArithmeticVariable","name":"APM"},"right":{"type":"ArithmeticConstant","value":70.17866516113281}},"left":{"aggregate":[53.0,0.0]},"right":{"aggregate":[28.0,5.0]}}}}}}