{"predicate":{"type":">=","left":{"type":"ArithmeticVariable","name":"CandiNum"},"right":{"type":"ArithmeticConstant","value":2.001953125}},"left":{"predicate":{"type":">=","left":{"type":"ArithmeticVariable","name":"CandiNum"},"right":{"type":"ArithmeticConstant","value":1.0087890625}},"left":{"predicate":{"type":">=","left":{"type":"ArithmeticVariable","name":"APM"},"right":{"type":"ArithmeticConstant","value":63.098960876464847}},"left":{"predicate":{"type":">=","left":{"type":"ArithmeticVariable","name":"PPM"},"right":{"type":"ArithmeticConstant","value":4.920957088470459}},"left":{"aggregate":[0.0,16.0]},"right":{"predicate":{"type":">=","left":{"type":"ArithmeticVariable","name":"IPM"},"right":{"type":"ArithmeticConstant","value":70.70348358154297}},"left":{"predicate":{"type":">=","left":{"type":"ArithmeticVariable","name":"Latitude"},"right":{"type":"ArithmeticConstant","value":-7.9373931884765629}},"left":{"aggregate":[0.0,20.0]},"right":{"predicate":{"type":">=","left":{"type":"ArithmeticVariable","name":"PPM"},"right":{"type":"ArithmeticConstant","value":7.704989910125732}},"left":{"aggregate":[1.0,20.0]},"right":{"predicate":{"type":">=","left":{"type":"ArithmeticVariable","name":"Longitude"},"right":{"type":"ArithmeticConstant","value":109.57688903808594}},"left":{"aggregate":[4.0,59.0]},"right":{"aggregate":[10.0,31.0]}}}},"right":{"aggregate":[8.0,21.0]}}},"right":{"predicate":{"type":">=","left":{"type":"ArithmeticVariable","name":"IPM"},"right":{"type":"ArithmeticConstant","value":66.57626342773438}},"left":{"aggregate":[0.0,7.0]},"right":{"predicate":{"type":">=","left":{"type":"ArithmeticVariable","name":"PPM"},"right":{"type":"ArithmeticConstant","value":15.355029106140137}},"left":{"predicate":{"type":">=","left":{"type":"ArithmeticVariable","name":"PPM"},"right":{"type":"ArithmeticConstant","value":9.423828125}},"left":{"predicate":{"type":"Membership","name":"Gender","subset":["F"]},"left":{"predicate":{"type":">=","left":{"type":"ArithmeticVariable","name":"APM"},"right":{"type":"ArithmeticConstant","value":73.86241912841797}},"left":{"aggregate":[1.0,40.0]},"right":{"aggregate":[5.0,24.0]}},"right":{"aggregate":[5.0,14.0]}},"right":{"aggregate":[13.0,44.0]}},"right":{"aggregate":[3.0,1.0]}}}},"right":{"predicate":{"type":">=","left":{"type":"ArithmeticVariable","name":"IPM"},"right":{"type":"ArithmeticConstant","value":63.757667541503909}},"left":{"aggregate":[0.0,3.0]},"right":{"predicate":{"type":"Membership","name":"Party","subset":["Demokrat","Gerindra","Golkar","NasDem","PAN","PDIP","PKB","PKS","PPP"]},"left":{"aggregate":[39.0,0.0]},"right":{"predicate":{"type":"Membership","name":"Party","subset":["Berkarya","Garuda","Gerindra","Hanura","PBB","PDIP","PKB","PKPI","PSI","Perindo"]},"left":{"predicate":{"type":">=","left":{"type":"ArithmeticVariable","name":"PPM"},"right":{"type":"ArithmeticConstant","value":21.140975952148439}},"left":{"aggregate":[28.0,36.0]},"right":{"aggregate":[1.0,0.0]}},"right":{"aggregate":[8.0,50.0]}}}}},"right":{"predicate":{"type":">=","left":{"type":"ArithmeticVariable","name":"CandiNum"},"right":{"type":"ArithmeticConstant","value":5.0078125}},"left":{"predicate":{"type":">=","left":{"type":"ArithmeticVariable","name":"Latitude"},"right":{"type":"ArithmeticConstant","value":-8.5565824508667}},"left":{"aggregate":[9.0,0.0]},"right":{"predicate":{"type":">=","left":{"type":"ArithmeticVariable","name":"Longitude"},"right":{"type":"ArithmeticConstant","value":112.5439453125}},"left":{"predicate":{"type":">=","left":{"type":"ArithmeticVariable","name":"Longitude"},"right":{"type":"ArithmeticConstant","value":112.05620574951172}},"left":{"predicate":{"type":">=","left":{"type":"ArithmeticVariable","name":"Latitude"},"right":{"type":"ArithmeticConstant","value":-7.841074466705322}},"left":{"aggregate":[2.0,3.0]},"right":{"predicate":{"type":">=","left":{"type":"ArithmeticVariable","name":"PPM"},"right":{"type":"ArithmeticConstant","value":16.057090759277345}},"left":{"predicate":{"type":"Membership","name":"Resident","subset":["Yes"]},"left":{"predicate":{"type":">=","left":{"type":"ArithmeticVariable","name":"Latitude"},"right":{"type":"ArithmeticConstant","value":-2.8737993240356447}},"left":{"aggregate":[47.0,13.0]},"right":{"aggregate":[17.0,0.0]}},"right":{"predicate":{"type":">=","left":{"type":"ArithmeticVariable","name":"IPM"},"right":{"type":"ArithmeticConstant","value":77.19631958007813}},"left":{"aggregate":[38.0,24.0]},"right":{"aggregate":[15.0,1.0]}}},"right":{"aggregate":[4.0,0.0]}}},"right":{"aggregate":[5.0,0.0]}},"right":{"aggregate":[31.0,27.0]}}},"right":{"predicate":{"type":"Membership","name":"Resident","subset":["No"]},"left":{"predicate":{"type":">=","left":{"type":"ArithmeticVariable","name":"Longitude"},"right":{"type":"ArithmeticConstant","value":111.20267486572266}},"left":{"aggregate":[41.0,5.0]},"right":{"aggregate":[22.0,10.0]}},"right":{"predicate":{"type":"Membership","name":"Party","subset":["Garuda","Golkar","PDIP","PKPI"]},"left":{"aggregate":[74.0,1.0]},"right":{"aggregate":[20.0,3.0]}}}}}