{"predicate":{"type":"Membership","name":"Gender","subset":["F"]},"left":{"predicate":{"type":">=","left":{"type":"ArithmeticVariable","name":"PPM"},"right":{"type":"ArithmeticConstant","value":24.263935089111329}},"left":{"predicate":{"type":">=","left":{"type":"ArithmeticVariable","name":"CandiNum"},"right":{"type":"ArithmeticConstant","value":2.001953125}},"left":{"predicate":{"type":"Membership","name":"Party","subset":["Demokrat","Gerindra","Golkar","NasDem","PAN","PDIP","PKB","PKPI","PKS","PPP"]},"left":{"aggregate":[47.0,0.0]},"right":{"predicate":{"type":">=","left":{"type":"ArithmeticVariable","name":"CandiNum"},"right":{"type":"ArithmeticConstant","value":1.0087890625}},"left":{"predicate":{"type":">=","left":{"type":"ArithmeticVariable","name":"PPM"},"right":{"type":"ArithmeticConstant","value":8.770185470581055}},"left":{"predicate":{"type":">=","left":{"type":"ArithmeticVariable","name":"Latitude"},"right":{"type":"ArithmeticConstant","value":-6.919170379638672}},"left":{"aggregate":[3.0,14.0]},"right":{"aggregate":[1.0,92.0]}},"right":{"predicate":{"type":"Membership","name":"Party","subset":["Berkarya","Garuda","Hanura","NasDem","PBB","PKPI","PPP","PSI","Perindo"]},"left":{"predicate":{"type":">=","left":{"type":"ArithmeticVariable","name":"APM"},"right":{"type":"ArithmeticConstant","value":59.18497848510742}},"left":{"aggregate":[1.0,39.0]},"right":{"predicate":{"type":">=","left":{"type":"ArithmeticVariable","name":"APM"},"right":{"type":"ArithmeticConstant","value":75.76185607910156}},"left":{"predicate":{"type":">=","left":{"type":"ArithmeticVariable","name":"PPM"},"right":{"type":"ArithmeticConstant","value":12.377324104309082}},"left":{"aggregate":[1.0,42.0]},"right":{"aggregate":[6.0,40.0]}},"right":{"aggregate":[1.0,0.0]}}},"right":{"aggregate":[6.0,16.0]}}},"right":{"predicate":{"type":"Membership","name":"Party","subset":["Berkarya","Demokrat","Garuda","Gerindra","Golkar","Hanura","NasDem","PAN","PBB","PKB","PKPI","PKS","PPP","PSI","Perindo"]},"left":{"aggregate":[1.0,22.0]},"right":{"aggregate":[26.0,38.0]}}}},"right":{"predicate":{"type":"Membership","name":"Resident","subset":["Yes"]},"left":{"predicate":{"type":"Membership","name":"Party","subset":["Garuda","Gerindra","Golkar","NasDem","PAN","PDIP","PKPI"]},"left":{"aggregate":[59.0,0.0]},"right":{"aggregate":[47.0,17.0]}},"right":{"predicate":{"type":">=","left":{"type":"ArithmeticVariable","name":"IPM"},"right":{"type":"ArithmeticConstant","value":70.14983367919922}},"left":{"aggregate":[35.0,9.0]},"right":{"aggregate":[33.0,29.0]}}}},"right":{"aggregate":[15.0,8.0]}},"right":{"predicate":{"type":">=","left":{"type":"ArithmeticVariable","name":"Longitude"},"right":{"type":"ArithmeticConstant","value":102.01701354980469}},"left":{"aggregate":[21.0,5.0]},"right":{"predicate":{"type":"Membership","name":"Party","subset":["Berkarya","Garuda","Hanura","PBB","PKPI","PPP","PSI","Perindo"]},"left":{"predicate":{"type":">=","left":{"type":"ArithmeticVariable","name":"CandiNum"},"right":{"type":"ArithmeticConstant","value":2.001953125}},"left":{"predicate":{"type":">=","left":{"type":"ArithmeticVariable","name":"CandiNum"},"right":{"type":"ArithmeticConstant","value":1.0087890625}},"left":{"aggregate":[2.0,43.0]},"right":{"aggregate":[7.0,23.0]}},"right":{"predicate":{"type":">=","left":{"type":"ArithmeticVariable","name":"Longitude"},"right":{"type":"ArithmeticConstant","value":117.01483917236328}},"left":{"predicate":{"type":">=","left":{"type":"ArithmeticVariable","name":"Longitude"},"right":{"type":"ArithmeticConstant","value":113.43812561035156}},"left":{"predicate":{"type":">=","left":{"type":"ArithmeticVariable","name":"Longitude"},"right":{"type":"ArithmeticConstant","value":113.3568344116211}},"left":{"predicate":{"type":"Membership","name":"Party","subset":["Berkarya","Garuda","Golkar","Hanura","NasDem","PBB","PDIP","PKB","PKPI","PKS","PPP","PSI","Perindo"]},"left":{"aggregate":[24.0,0.0]},"right":{"aggregate":[39.0,17.0]}},"right":{"aggregate":[0.0,1.0]}},"right":{"aggregate":[10.0,0.0]}},"right":{"aggregate":[12.0,8.0]}}},"right":{"predicate":{"type":">=","left":{"type":"ArithmeticVariable","name":"APM"},"right":{"type":"ArithmeticConstant","value":57.97624969482422}},"left":{"aggregate":[23.0,3.0]},"right":{"aggregate":[59.0,0.0]}}}}}