{"predicate":{"type":"Membership","name":"Gender","subset":["F"]},"left":{"predicate":{"type":">=","left":{"type":"ArithmeticVariable","name":"Longitude"},"right":{"type":"ArithmeticConstant","value":112.01556396484375}},"left":{"predicate":{"type":">=","left":{"type":"ArithmeticVariable","name":"CandiNum"},"right":{"type":"ArithmeticConstant","value":1.0087890625}},"left":{"predicate":{"type":">=","left":{"type":"ArithmeticVariable","name":"Longitude"},"right":{"type":"ArithmeticConstant","value":106.77241516113281}},"left":{"predicate":{"type":">=","left":{"type":"ArithmeticVariable","name":"Longitude"},"right":{"type":"ArithmeticConstant","value":100.22865295410156}},"left":{"aggregate":[3.0,24.0]},"right":{"aggregate":[0.0,49.0]}},"right":{"predicate":{"type":"Membership","name":"Party","subset":["Demokrat","Gerindra","Golkar","NasDem","PAN","PDIP","PKB","PKPI","PKS","PPP"]},"left":{"aggregate":[10.0,0.0]},"right":{"predicate":{"type":">=","left":{"type":"ArithmeticVariable","name":"Longitude"},"right":{"type":"ArithmeticConstant","value":111.20267486572266}},"left":{"predicate":{"type":">=","left":{"type":"ArithmeticVariable","name":"APM"},"right":{"type":"ArithmeticConstant","value":60.393707275390628}},"left":{"aggregate":[3.0,35.0]},"right":{"aggregate":[0.0,46.0]}},"right":{"aggregate":[4.0,15.0]}}}},"right":{"predicate":{"type":">=","left":{"type":"ArithmeticVariable","name":"CandiNum"},"right":{"type":"ArithmeticConstant","value":2.001953125}},"left":{"predicate":{"type":">=","left":{"type":"ArithmeticVariable","name":"PPM"},"right":{"type":"ArithmeticConstant","value":3.976806640625}},"left":{"aggregate":[4.0,0.0]},"right":{"predicate":{"type":"Membership","name":"Party","subset":["Berkarya","Garuda","Hanura","NasDem","PBB","PKPI","PSI","Perindo"]},"left":{"aggregate":[15.0,44.0]},"right":{"aggregate":[15.0,0.0]}}},"right":{"predicate":{"type":">=","left":{"type":"ArithmeticVariable","name":"CandiNum"},"right":{"type":"ArithmeticConstant","value":5.0078125}},"left":{"predicate":{"type":"Membership","name":"Resident","subset":["No"]},"left":{"aggregate":[34.0,19.0]},"right":{"aggregate":[44.0,7.0]}},"right":{"predicate":{"type":"Membership","name":"Party","subset":["Garuda","Golkar","NasDem","PDIP","PKB","PKPI"]},"left":{"aggregate":[43.0,0.0]},"right":{"aggregate":[19.0,6.0]}}}}},"right":{"predicate":{"type":">=","left":{"type":"ArithmeticVariable","name":"Longitude"},"right":{"type":"ArithmeticConstant","value":120.10382080078125}},"left":{"predicate":{"type":">=","left":{"type":"ArithmeticVariable","name":"CandiNum"},"right":{"type":"ArithmeticConstant","value":1.0087890625}},"left":{"predicate":{"type":">=","left":{"type":"ArithmeticVariable","name":"Longitude"},"right":{"type":"ArithmeticConstant","value":119.90060424804688}},"left":{"predicate":{"type":">=","left":{"type":"ArithmeticVariable","name":"Latitude"},"right":{"type":"ArithmeticConstant","value":-1.8418169021606446}},"left":{"aggregate":[8.0,54.0]},"right":{"aggregate":[0.0,6.0]}},"right":{"aggregate":[1.0,0.0]}},"right":{"predicate":{"type":">=","left":{"type":"ArithmeticVariable","name":"APM"},"right":{"type":"ArithmeticConstant","value":76.45256042480469}},"left":{"predicate":{"type":">=","left":{"type":"ArithmeticVariable","name":"Longitude"},"right":{"type":"ArithmeticConstant","value":119.90060424804688}},"left":{"aggregate":[39.0,24.0]},"right":{"aggregate":[1.0,3.0]}},"right":{"aggregate":[2.0,6.0]}}},"right":{"predicate":{"type":">=","left":{"type":"ArithmeticVariable","name":"CandiNum"},"right":{"type":"ArithmeticConstant","value":2.001953125}},"left":{"aggregate":[15.0,29.0]},"right":{"aggregate":[18.0,3.0]}}}},"right":{"predicate":{"type":">=","left":{"type":"ArithmeticVariable","name":"CandiNum"},"right":{"type":"ArithmeticConstant","value":2.001953125}},"left":{"predicate":{"type":"Membership","name":"Party","subset":["Berkarya","Garuda","Hanura","PBB","PKPI","PSI","Perindo"]},"left":{"predicate":{"type":">=","left":{"type":"ArithmeticVariable","name":"CandiNum"},"right":{"type":"ArithmeticConstant","value":1.0087890625}},"left":{"aggregate":[4.0,49.0]},"right":{"aggregate":[8.0,25.0]}},"right":{"aggregate":[19.0,0.0]}},"right":{"predicate":{"type":"Membership","name":"Party","subset":["Berkarya","Demokrat","Garuda","Gerindra","Hanura","PAN","PBB","PKPI","PKS","PPP","PSI","Perindo"]},"left":{"aggregate":[32.0,26.0]},"right":{"aggregate":[111.0,1.0]}}}}