{"predicate":{"type":"Membership","name":"Party","subset":["Demokrat","Gerindra","Golkar","NasDem","PAN","PDIP","PKB","PKS","PPP"]},"left":{"aggregate":[183.0,0.0]},"right":{"predicate":{"type":"Membership","name":"Party","subset":["Berkarya","Demokrat","Garuda","Gerindra","Golkar","Hanura","PBB","PDIP","PKPI","PSI","Perindo"]},"left":{"predicate":{"type":"Membership","name":"Gender","subset":["M"]},"left":{"predicate":{"type":">=","left":{"type":"ArithmeticVariable","name":"Longitude"},"right":{"type":"ArithmeticConstant","value":121.8515396118164}},"left":{"predicate":{"type":">=","left":{"type":"ArithmeticVariable","name":"CandiNum"},"right":{"type":"ArithmeticConstant","value":3.00390625}},"left":{"aggregate":[22.0,32.0]},"right":{"aggregate":[50.0,5.0]}},"right":{"aggregate":[2.0,7.0]}},"right":{"predicate":{"type":"Membership","name":"Party","subset":["Berkarya","Demokrat","Garuda","Gerindra","Golkar","Hanura","NasDem","PAN","PBB","PDIP","PKB","PKPI","PKS","PSI","Perindo"]},"left":{"aggregate":[26.0,14.0]},"right":{"predicate":{"type":">=","left":{"type":"ArithmeticVariable","name":"Latitude"},"right":{"type":"ArithmeticConstant","value":0.07079029083251953}},"left":{"predicate":{"type":">=","left":{"type":"ArithmeticVariable","name":"CandiNum"},"right":{"type":"ArithmeticConstant","value":1.0087890625}},"left":{"predicate":{"type":">=","left":{"type":"ArithmeticVariable","name":"Longitude"},"right":{"type":"ArithmeticConstant","value":109.57688903808594}},"left":{"aggregate":[2.0,41.0]},"right":{"aggregate":[8.0,36.0]}},"right":{"predicate":{"type":">=","left":{"type":"ArithmeticVariable","name":"Latitude"},"right":{"type":"ArithmeticConstant","value":-8.460264205932618}},"left":{"aggregate":[6.0,0.0]},"right":{"predicate":{"type":">=","left":{"type":"ArithmeticVariable","name":"Latitude"},"right":{"type":"ArithmeticConstant","value":-7.841074466705322}},"left":{"aggregate":[2.0,8.0]},"right":{"predicate":{"type":">=","left":{"type":"ArithmeticVariable","name":"APM"},"right":{"type":"ArithmeticConstant","value":32.24755859375}},"left":{"aggregate":[0.0,2.0]},"right":{"predicate":{"type":"Membership","name":"Party","subset":["Berkarya","Demokrat","Garuda","Gerindra","Golkar","Hanura","NasDem","PAN","PBB","PDIP","PKPI","PKS","PPP","PSI","Perindo"]},"left":{"aggregate":[20.0,4.0]},"right":{"aggregate":[37.0,18.0]}}}}}},"right":{"aggregate":[5.0,23.0]}}}},"right":{"predicate":{"type":"Membership","name":"Party","subset":["Berkarya","Garuda","Gerindra","Hanura","NasDem","PAN","PBB","PDIP","PKB","PKPI","PKS","PPP","PSI","Perindo"]},"left":{"predicate":{"type":">=","left":{"type":"ArithmeticVariable","name":"Longitude"},"right":{"type":"ArithmeticConstant","value":119.90060424804688}},"left":{"predicate":{"type":">=","left":{"type":"ArithmeticVariable","name":"CandiNum"},"right":{"type":"ArithmeticConstant","value":1.0087890625}},"left":{"predicate":{"type":"Membership","name":"Party","subset":["Garuda","Gerindra","Golkar","Hanura","PBB","PDIP","PKB","PKPI","PSI"]},"left":{"aggregate":[2.0,36.0]},"right":{"aggregate":[1.0,42.0]}},"right":{"predicate":{"type":"Membership","name":"Party","subset":["Berkarya","Demokrat","Garuda","Gerindra","Hanura","NasDem","PAN","PBB","PDIP","PKB","PKPI","PKS","PPP","PSI","Perindo"]},"left":{"aggregate":[25.0,21.0]},"right":{"aggregate":[36.0,9.0]}}},"right":{"aggregate":[1.0,15.0]}},"right":{"predicate":{"type":">=","left":{"type":"ArithmeticVariable","name":"Longitude"},"right":{"type":"ArithmeticConstant","value":119.8193130493164}},"left":{"predicate":{"type":">=","left":{"type":"ArithmeticVariable","name":"APM"},"right":{"type":"ArithmeticConstant","value":69.7757568359375}},"left":{"predicate":{"type":">=","left":{"type":"ArithmeticVariable","name":"CandiNum"},"right":{"type":"ArithmeticConstant","value":3.00390625}},"left":{"predicate":{"type":">=","left":{"type":"ArithmeticVariable","name":"Longitude"},"right":{"type":"ArithmeticConstant","value":105.18728637695313}},"left":{"aggregate":[3.0,18.0]},"right":{"predicate":{"type":"Membership","name":"Gender","subset":["M"]},"left":{"aggregate":[3.0,15.0]},"right":{"predicate":{"type":">=","left":{"type":"ArithmeticVariable","name":"Longitude"},"right":{"type":"ArithmeticConstant","value":108.52013397216797}},"left":{"aggregate":[1.0,18.0]},"right":{"aggregate":[0.0,51.0]}}}},"right":{"aggregate":[22.0,4.0]}},"right":{"aggregate":[3.0,42.0]}},"right":{"aggregate":[13.0,17.0]}}}}}