{"predicate":{"type":">=","left":{"type":"ArithmeticVariable","name":"CandiNum"},"right":{"type":"ArithmeticConstant","value":2.001953125}},"left":{"predicate":{"type":"Membership","name":"Party","subset":["Berkarya","Garuda","Hanura","PBB","PKPI","PSI","Perindo"]},"left":{"predicate":{"type":"Membership","name":"Party","subset":["Berkarya","Demokrat","Garuda","Gerindra","Golkar","Hanura","PBB","PDIP","PKPI","PKS","PPP","PSI","Perindo"]},"left":{"predicate":{"type":">=","left":{"type":"ArithmeticVariable","name":"CandiNum"},"right":{"type":"ArithmeticConstant","value":1.0087890625}},"left":{"predicate":{"type":">=","left":{"type":"ArithmeticVariable","name":"IPM"},"right":{"type":"ArithmeticConstant","value":66.40010070800781}},"left":{"aggregate":[4.0,8.0]},"right":{"predicate":{"type":">=","left":{"type":"ArithmeticVariable","name":"Latitude"},"right":{"type":"ArithmeticConstant","value":-3.3141117095947267}},"left":{"aggregate":[6.0,46.0]},"right":{"aggregate":[0.0,23.0]}}},"right":{"aggregate":[19.0,18.0]}},"right":{"predicate":{"type":">=","left":{"type":"ArithmeticVariable","name":"CandiNum"},"right":{"type":"ArithmeticConstant","value":1.0087890625}},"left":{"predicate":{"type":">=","left":{"type":"ArithmeticVariable","name":"Latitude"},"right":{"type":"ArithmeticConstant","value":-6.203662395477295}},"left":{"aggregate":[2.0,126.0]},"right":{"predicate":{"type":">=","left":{"type":"ArithmeticVariable","name":"PPM"},"right":{"type":"ArithmeticConstant","value":10.101678848266602}},"left":{"predicate":{"type":">=","left":{"type":"ArithmeticVariable","name":"Longitude"},"right":{"type":"ArithmeticConstant","value":104.98406219482422}},"left":{"aggregate":[0.0,22.0]},"right":{"aggregate":[7.0,37.0]}},"right":{"aggregate":[0.0,34.0]}}},"right":{"predicate":{"type":">=","left":{"type":"ArithmeticVariable","name":"APM"},"right":{"type":"ArithmeticConstant","value":63.098960876464847}},"left":{"aggregate":[14.0,30.0]},"right":{"aggregate":[6.0,39.0]}}}},"right":{"aggregate":[51.0,0.0]}},"right":{"predicate":{"type":"Membership","name":"Party","subset":["Demokrat","Golkar","NasDem","PAN","PDIP","PKB","PKS"]},"left":{"aggregate":[170.0,2.0]},"right":{"predicate":{"type":">=","left":{"type":"ArithmeticVariable","name":"Longitude"},"right":{"type":"ArithmeticConstant","value":111.44654083251953}},"left":{"predicate":{"type":">=","left":{"type":"ArithmeticVariable","name":"CandiNum"},"right":{"type":"ArithmeticConstant","value":4.005859375}},"left":{"aggregate":[25.0,27.0]},"right":{"predicate":{"type":">=","left":{"type":"ArithmeticVariable","name":"CandiNum"},"right":{"type":"ArithmeticConstant","value":6.0009765625}},"left":{"aggregate":[46.0,11.0]},"right":{"aggregate":[42.0,2.0]}}},"right":{"predicate":{"type":">=","left":{"type":"ArithmeticVariable","name":"APM"},"right":{"type":"ArithmeticConstant","value":73.86241912841797}},"left":{"predicate":{"type":"Membership","name":"Resident","subset":["Yes"]},"left":{"aggregate":[31.0,10.0]},"right":{"aggregate":[18.0,19.0]}},"right":{"aggregate":[4.0,9.0]}}}}}