{"type":"ClassificationForest","considered_feature_names":["APM","CandiNum","Gender","IPM","Latitude","Longitude","PPM","Party","Resident","Result"],"outcome_feature_name":"Result","trees":[{"name":"tree_9Iz9kjx4hgqaYBhg_0","fitness":0.7878788113594055,"weight":0.5787220001220703,"path":"tree_store/tree_9Iz9kjx4hgqaYBhg_0.json"},{"name":"tree_9Iz9kjx4hgqaYBhg_1","fitness":0.739130437374115,"weight":0.35427287220954897,"path":"tree_store/tree_9Iz9kjx4hgqaYBhg_1.json"},{"name":"tree_9Iz9kjx4hgqaYBhg_2","fitness":0.8275862336158752,"weight":0.7469412684440613,"path":"tree_store/tree_9Iz9kjx4hgqaYBhg_2.json"},{"name":"tree_9Iz9kjx4hgqaYBhg_4","fitness":0.8571428656578064,"weight":0.8442234396934509,"path":"tree_store/tree_9Iz9kjx4hgqaYBhg_4.json"},{"name":"tree_9Iz9kjx4hgqaYBhg_3","fitness":0.800000011920929,"weight":0.6334331631660461,"path":"tree_store/tree_9Iz9kjx4hgqaYBhg_3.json"},{"name":"tree_9Iz9kjx4hgqaYBhg_5","fitness":0.7200000286102295,"weight":0.2747693359851837,"path":"tree_store/tree_9Iz9kjx4hgqaYBhg_5.json"},{"name":"tree_9Iz9kjx4hgqaYBhg_6","fitness":0.6666666865348816,"weight":0.11033918708562851,"path":"tree_store/tree_9Iz9kjx4hgqaYBhg_6.json"},{"name":"tree_9Iz9kjx4hgqaYBhg_7","fitness":0.8461538553237915,"weight":0.8113625049591065,"path":"tree_store/tree_9Iz9kjx4hgqaYBhg_7.json"},{"name":"tree_9Iz9kjx4hgqaYBhg_9","fitness":0.8333333134651184,"weight":0.7680320739746094,"path":"tree_store/tree_9Iz9kjx4hgqaYBhg_9.json"},{"name":"tree_9Iz9kjx4hgqaYBhg_8","fitness":0.8181818127632141,"weight":0.710368812084198,"path":"tree_store/tree_9Iz9kjx4hgqaYBhg_8.json"},{"name":"tree_9Iz9kjx4hgqaYBhg_10","fitness":0.8148148059844971,"weight":0.6966972947120667,"path":"tree_store/tree_9Iz9kjx4hgqaYBhg_10.json"},{"name":"tree_9Iz9kjx4hgqaYBhg_11","fitness":0.774193525314331,"weight":0.5151256918907166,"path":"tree_store/tree_9Iz9kjx4hgqaYBhg_11.json"},{"name":"tree_9Iz9kjx4hgqaYBhg_12","fitness":0.739130437374115,"weight":0.35427287220954897,"path":"tree_store/tree_9Iz9kjx4hgqaYBhg_12.json"},{"name":"tree_9Iz9kjx4hgqaYBhg_14","fitness":0.8387096524238586,"weight":0.7868426442146301,"path":"tree_store/tree_9Iz9kjx4hgqaYBhg_14.json"},{"name":"tree_9Iz9kjx4hgqaYBhg_13","fitness":0.7037037014961243,"weight":0.2148183137178421,"path":"tree_store/tree_9Iz9kjx4hgqaYBhg_13.json"},{"name":"tree_9Iz9kjx4hgqaYBhg_15","fitness":0.7878788113594055,"weight":0.5787220001220703,"path":"tree_store/tree_9Iz9kjx4hgqaYBhg_15.json"},{"name":"tree_9Iz9kjx4hgqaYBhg_16","fitness":0.8095238208770752,"weight":0.6746517419815064,"path":"tree_store/tree_9Iz9kjx4hgqaYBhg_16.json"},{"name":"tree_9Iz9kjx4hgqaYBhg_17","fitness":0.6666666865348816,"weight":0.11033918708562851,"path":"tree_store/tree_9Iz9kjx4hgqaYBhg_17.json"},{"name":"tree_9Iz9kjx4hgqaYBhg_18","fitness":0.7777777910232544,"weight":0.5318862795829773,"path":"tree_store/tree_9Iz9kjx4hgqaYBhg_18.json"},{"name":"tree_9Iz9kjx4hgqaYBhg_19","fitness":0.8461538553237915,"weight":0.8113625049591065,"path":"tree_store/tree_9Iz9kjx4hgqaYBhg_19.json"},{"name":"tree_9Iz9kjx4hgqaYBhg_20","fitness":0.8260869383811951,"weight":0.7412777543067932,"path":"tree_store/tree_9Iz9kjx4hgqaYBhg_20.json"},{"name":"tree_9Iz9kjx4hgqaYBhg_21","fitness":0.75,"weight":0.4027743637561798,"path":"tree_store/tree_9Iz9kjx4hgqaYBhg_21.json"},{"name":"tree_9Iz9kjx4hgqaYBhg_22","fitness":0.7142857313156128,"weight":0.2528485655784607,"path":"tree_store/tree_9Iz9kjx4hgqaYBhg_22.json"},{"name":"tree_9Iz9kjx4hgqaYBhg_23","fitness":0.739130437374115,"weight":0.35427287220954897,"path":"tree_store/tree_9Iz9kjx4hgqaYBhg_23.json"},{"name":"tree_9Iz9kjx4hgqaYBhg_24","fitness":0.695652186870575,"weight":0.18825103342533112,"path":"tree_store/tree_9Iz9kjx4hgqaYBhg_24.json"},{"name":"tree_9Iz9kjx4hgqaYBhg_25","fitness":0.8636363744735718,"weight":0.8617509007453919,"path":"tree_store/tree_9Iz9kjx4hgqaYBhg_25.json"},{"name":"tree_9Iz9kjx4hgqaYBhg_26","fitness":0.7857142686843872,"weight":0.5687558650970459,"path":"tree_store/tree_9Iz9kjx4hgqaYBhg_26.json"},{"name":"tree_9Iz9kjx4hgqaYBhg_27","fitness":0.8421052694320679,"weight":0.798250138759613,"path":"tree_store/tree_9Iz9kjx4hgqaYBhg_27.json"},{"name":"tree_9Iz9kjx4hgqaYBhg_28","fitness":0.8125,"weight":0.6871340870857239,"path":"tree_store/tree_9Iz9kjx4hgqaYBhg_28.json"},{"name":"tree_9Iz9kjx4hgqaYBhg_29","fitness":0.8571428656578064,"weight":0.8442234396934509,"path":"tree_store/tree_9Iz9kjx4hgqaYBhg_29.json"},{"name":"tree_9Iz9kjx4hgqaYBhg_30","fitness":0.8571428656578064,"weight":0.8442234396934509,"path":"tree_store/tree_9Iz9kjx4hgqaYBhg_30.json"},{"name":"tree_9Iz9kjx4hgqaYBhg_31","fitness":0.7037037014961243,"weight":0.2148183137178421,"path":"tree_store/tree_9Iz9kjx4hgqaYBhg_31.json"},{"name":"tree_9Iz9kjx4hgqaYBhg_32","fitness":0.9444444179534912,"weight":0.9791809916496277,"path":"tree_store/tree_9Iz9kjx4hgqaYBhg_32.json"},{"name":"tree_9Iz9kjx4hgqaYBhg_33","fitness":0.800000011920929,"weight":0.6334331631660461,"path":"tree_store/tree_9Iz9kjx4hgqaYBhg_33.json"},{"name":"tree_9Iz9kjx4hgqaYBhg_34","fitness":0.800000011920929,"weight":0.6334331631660461,"path":"tree_store/tree_9Iz9kjx4hgqaYBhg_34.json"},{"name":"tree_9Iz9kjx4hgqaYBhg_35","fitness":0.8399999737739563,"weight":0.7912211418151856,"path":"tree_store/tree_9Iz9kjx4hgqaYBhg_35.json"},{"name":"tree_9Iz9kjx4hgqaYBhg_36","fitness":0.7894737124443054,"weight":0.5860335230827332,"path":"tree_store/tree_9Iz9kjx4hgqaYBhg_36.json"},{"name":"tree_9Iz9kjx4hgqaYBhg_37","fitness":0.8518518805503845,"weight":0.8289027810096741,"path":"tree_store/tree_9Iz9kjx4hgqaYBhg_37.json"},{"name":"tree_9Iz9kjx4hgqaYBhg_38","fitness":0.8999999761581421,"weight":0.9351422190666199,"path":"tree_store/tree_9Iz9kjx4hgqaYBhg_38.json"},{"name":"tree_9Iz9kjx4hgqaYBhg_39","fitness":0.75,"weight":0.4027743637561798,"path":"tree_store/tree_9Iz9kjx4hgqaYBhg_39.json"},{"name":"tree_9Iz9kjx4hgqaYBhg_40","fitness":0.8666666746139526,"weight":0.8694517612457275,"path":"tree_store/tree_9Iz9kjx4hgqaYBhg_40.json"},{"name":"tree_9Iz9kjx4hgqaYBhg_41","fitness":0.7222222089767456,"weight":0.28353995084762576,"path":"tree_store/tree_9Iz9kjx4hgqaYBhg_41.json"},{"name":"tree_9Iz9kjx4hgqaYBhg_42","fitness":0.7307692170143127,"weight":0.3184659481048584,"path":"tree_store/tree_9Iz9kjx4hgqaYBhg_42.json"},{"name":"tree_9Iz9kjx4hgqaYBhg_43","fitness":0.7599999904632568,"weight":0.44877928495407107,"path":"tree_store/tree_9Iz9kjx4hgqaYBhg_43.json"},{"name":"tree_9Iz9kjx4hgqaYBhg_44","fitness":0.7142857313156128,"weight":0.2528485655784607,"path":"tree_store/tree_9Iz9kjx4hgqaYBhg_44.json"},{"name":"tree_9Iz9kjx4hgqaYBhg_45","fitness":0.6363636255264282,"weight":0.056988831609487537,"path":"tree_store/tree_9Iz9kjx4hgqaYBhg_45.json"},{"name":"tree_9Iz9kjx4hgqaYBhg_46","fitness":0.7222222089767456,"weight":0.28353995084762576,"path":"tree_store/tree_9Iz9kjx4hgqaYBhg_46.json"},{"name":"tree_9Iz9kjx4hgqaYBhg_47","fitness":0.6666666865348816,"weight":0.11033918708562851,"path":"tree_store/tree_9Iz9kjx4hgqaYBhg_47.json"},{"name":"tree_9Iz9kjx4hgqaYBhg_48","fitness":0.8399999737739563,"weight":0.7912211418151856,"path":"tree_store/tree_9Iz9kjx4hgqaYBhg_48.json"},{"name":"tree_9Iz9kjx4hgqaYBhg_49","fitness":0.8275862336158752,"weight":0.7469412684440613,"path":"tree_store/tree_9Iz9kjx4hgqaYBhg_49.json"},{"name":"tree_9Iz9kjx4hgqaYBhg_50","fitness":0.6785714030265808,"weight":0.138975590467453,"path":"tree_store/tree_9Iz9kjx4hgqaYBhg_50.json"},{"name":"tree_9Iz9kjx4hgqaYBhg_52","fitness":0.6875,"weight":0.16352134943008424,"path":"tree_store/tree_9Iz9kjx4hgqaYBhg_52.json"},{"name":"tree_9Iz9kjx4hgqaYBhg_53","fitness":0.5714285969734192,"weight":0.009562804363667965,"path":"tree_store/tree_9Iz9kjx4hgqaYBhg_53.json"},{"name":"tree_9Iz9kjx4hgqaYBhg_54","fitness":0.6153846383094788,"weight":0.03385640308260918,"path":"tree_store/tree_9Iz9kjx4hgqaYBhg_54.json"},{"name":"tree_9Iz9kjx4hgqaYBhg_55","fitness":0.8260869383811951,"weight":0.7412777543067932,"path":"tree_store/tree_9Iz9kjx4hgqaYBhg_55.json"},{"name":"tree_9Iz9kjx4hgqaYBhg_56","fitness":0.807692289352417,"weight":0.6668704152107239,"path":"tree_store/tree_9Iz9kjx4hgqaYBhg_56.json"},{"name":"tree_9Iz9kjx4hgqaYBhg_57","fitness":0.75,"weight":0.4027743637561798,"path":"tree_store/tree_9Iz9kjx4hgqaYBhg_57.json"},{"name":"tree_9Iz9kjx4hgqaYBhg_58","fitness":0.7599999904632568,"weight":0.44877928495407107,"path":"tree_store/tree_9Iz9kjx4hgqaYBhg_58.json"},{"name":"tree_9Iz9kjx4hgqaYBhg_59","fitness":0.7599999904632568,"weight":0.44877928495407107,"path":"tree_store/tree_9Iz9kjx4hgqaYBhg_59.json"},{"name":"tree_9Iz9kjx4hgqaYBhg_60","fitness":0.8571428656578064,"weight":0.8442234396934509,"path":"tree_store/tree_9Iz9kjx4hgqaYBhg_60.json"},{"name":"tree_9Iz9kjx4hgqaYBhg_61","fitness":0.7692307829856873,"weight":0.49188122153282168,"path":"tree_store/tree_9Iz9kjx4hgqaYBhg_61.json"},{"name":"tree_9Iz9kjx4hgqaYBhg_62","fitness":0.7037037014961243,"weight":0.2148183137178421,"path":"tree_store/tree_9Iz9kjx4hgqaYBhg_62.json"},{"name":"tree_9Iz9kjx4hgqaYBhg_63","fitness":0.8799999952316284,"weight":0.8997927904129028,"path":"tree_store/tree_9Iz9kjx4hgqaYBhg_63.json"},{"name":"tree_9Iz9kjx4hgqaYBhg_64","fitness":0.75,"weight":0.4027743637561798,"path":"tree_store/tree_9Iz9kjx4hgqaYBhg_64.json"},{"name":"tree_9Iz9kjx4hgqaYBhg_65","fitness":0.8125,"weight":0.6871340870857239,"path":"tree_store/tree_9Iz9kjx4hgqaYBhg_65.json"},{"name":"tree_9Iz9kjx4hgqaYBhg_66","fitness":0.6190476417541504,"weight":0.03721996396780014,"path":"tree_store/tree_9Iz9kjx4hgqaYBhg_66.json"},{"name":"tree_9Iz9kjx4hgqaYBhg_67","fitness":0.6666666865348816,"weight":0.11033918708562851,"path":"tree_store/tree_9Iz9kjx4hgqaYBhg_67.json"},{"name":"tree_9Iz9kjx4hgqaYBhg_68","fitness":0.7241379022598267,"weight":0.2912070155143738,"path":"tree_store/tree_9Iz9kjx4hgqaYBhg_68.json"},{"name":"tree_9Iz9kjx4hgqaYBhg_69","fitness":0.8214285969734192,"weight":0.7232716679573059,"path":"tree_store/tree_9Iz9kjx4hgqaYBhg_69.json"},{"name":"tree_9Iz9kjx4hgqaYBhg_70","fitness":0.8235294222831726,"weight":0.731467604637146,"path":"tree_store/tree_9Iz9kjx4hgqaYBhg_70.json"},{"name":"tree_9Iz9kjx4hgqaYBhg_71","fitness":0.6451612710952759,"weight":0.06980340927839279,"path":"tree_store/tree_9Iz9kjx4hgqaYBhg_71.json"},{"name":"tree_9Iz9kjx4hgqaYBhg_72","fitness":0.8421052694320679,"weight":0.798250138759613,"path":"tree_store/tree_9Iz9kjx4hgqaYBhg_72.json"},{"name":"tree_9Iz9kjx4hgqaYBhg_73","fitness":0.8421052694320679,"weight":0.798250138759613,"path":"tree_store/tree_9Iz9kjx4hgqaYBhg_73.json"},{"name":"tree_9Iz9kjx4hgqaYBhg_74","fitness":0.5833333134651184,"weight":0.013787483796477318,"path":"tree_store/tree_9Iz9kjx4hgqaYBhg_74.json"},{"name":"tree_9Iz9kjx4hgqaYBhg_75","fitness":0.75,"weight":0.4027743637561798,"path":"tree_store/tree_9Iz9kjx4hgqaYBhg_75.json"},{"name":"tree_9Iz9kjx4hgqaYBhg_76","fitness":0.699999988079071,"weight":0.2023363560438156,"path":"tree_store/tree_9Iz9kjx4hgqaYBhg_76.json"},{"name":"tree_9Iz9kjx4hgqaYBhg_77","fitness":0.5454545617103577,"weight":0.004047547001391649,"path":"tree_store/tree_9Iz9kjx4hgqaYBhg_77.json"},{"name":"tree_9Iz9kjx4hgqaYBhg_78","fitness":0.774193525314331,"weight":0.5151256918907166,"path":"tree_store/tree_9Iz9kjx4hgqaYBhg_78.json"},{"name":"tree_9Iz9kjx4hgqaYBhg_79","fitness":0.8421052694320679,"weight":0.798250138759613,"path":"tree_store/tree_9Iz9kjx4hgqaYBhg_79.json"},{"name":"tree_9Iz9kjx4hgqaYBhg_80","fitness":0.8181818127632141,"weight":0.710368812084198,"path":"tree_store/tree_9Iz9kjx4hgqaYBhg_80.json"},{"name":"tree_9Iz9kjx4hgqaYBhg_81","fitness":0.8064516186714172,"weight":0.6615580320358276,"path":"tree_store/tree_9Iz9kjx4hgqaYBhg_81.json"},{"name":"tree_9Iz9kjx4hgqaYBhg_82","fitness":0.8695651888847351,"weight":0.8765352368354797,"path":"tree_store/tree_9Iz9kjx4hgqaYBhg_82.json"},{"name":"tree_9Iz9kjx4hgqaYBhg_83","fitness":0.6000000238418579,"weight":0.02234453335404396,"path":"tree_store/tree_9Iz9kjx4hgqaYBhg_83.json"},{"name":"tree_9Iz9kjx4hgqaYBhg_84","fitness":0.75,"weight":0.4027743637561798,"path":"tree_store/tree_9Iz9kjx4hgqaYBhg_84.json"},{"name":"tree_9Iz9kjx4hgqaYBhg_85","fitness":0.9583333134651184,"weight":0.9861040711402893,"path":"tree_store/tree_9Iz9kjx4hgqaYBhg_85.json"},{"name":"tree_9Iz9kjx4hgqaYBhg_86","fitness":0.6800000071525574,"weight":0.1427246779203415,"path":"tree_store/tree_9Iz9kjx4hgqaYBhg_86.json"},{"name":"tree_9Iz9kjx4hgqaYBhg_87","fitness":0.8148148059844971,"weight":0.6966972947120667,"path":"tree_store/tree_9Iz9kjx4hgqaYBhg_87.json"},{"name":"tree_9Iz9kjx4hgqaYBhg_88","fitness":0.8571428656578064,"weight":0.8442234396934509,"path":"tree_store/tree_9Iz9kjx4hgqaYBhg_88.json"},{"name":"tree_9Iz9kjx4hgqaYBhg_89","fitness":0.7200000286102295,"weight":0.2747693359851837,"path":"tree_store/tree_9Iz9kjx4hgqaYBhg_89.json"},{"name":"tree_9Iz9kjx4hgqaYBhg_90","fitness":0.8125,"weight":0.6871340870857239,"path":"tree_store/tree_9Iz9kjx4hgqaYBhg_90.json"},{"name":"tree_9Iz9kjx4hgqaYBhg_91","fitness":0.8461538553237915,"weight":0.8113625049591065,"path":"tree_store/tree_9Iz9kjx4hgqaYBhg_91.json"},{"name":"tree_9Iz9kjx4hgqaYBhg_92","fitness":0.8148148059844971,"weight":0.6966972947120667,"path":"tree_store/tree_9Iz9kjx4hgqaYBhg_92.json"},{"name":"tree_9Iz9kjx4hgqaYBhg_51","fitness":0.7586206793785095,"weight":0.4423779845237732,"path":"tree_store/tree_9Iz9kjx4hgqaYBhg_51.json"},{"name":"tree_9Iz9kjx4hgqaYBhg_93","fitness":0.4761904776096344,"weight":0.0002686655498109758,"path":"tree_store/tree_9Iz9kjx4hgqaYBhg_93.json"},{"name":"tree_9Iz9kjx4hgqaYBhg_94","fitness":0.800000011920929,"weight":0.6334331631660461,"path":"tree_store/tree_9Iz9kjx4hgqaYBhg_94.json"},{"name":"tree_9Iz9kjx4hgqaYBhg_95","fitness":0.8275862336158752,"weight":0.7469412684440613,"path":"tree_store/tree_9Iz9kjx4hgqaYBhg_95.json"},{"name":"tree_9Iz9kjx4hgqaYBhg_96","fitness":0.800000011920929,"weight":0.6334331631660461,"path":"tree_store/tree_9Iz9kjx4hgqaYBhg_96.json"},{"name":"tree_9Iz9kjx4hgqaYBhg_97","fitness":0.8636363744735718,"weight":0.8617509007453919,"path":"tree_store/tree_9Iz9kjx4hgqaYBhg_97.json"},{"name":"tree_9Iz9kjx4hgqaYBhg_98","fitness":0.807692289352417,"weight":0.6668704152107239,"path":"tree_store/tree_9Iz9kjx4hgqaYBhg_98.json"},{"name":"tree_9Iz9kjx4hgqaYBhg_99","fitness":0.7419354915618897,"weight":0.36660027503967287,"path":"tree_store/tree_9Iz9kjx4hgqaYBhg_99.json"}]}