{"type":"ClassificationForest","considered_feature_names":["APM","CandiNum","Gender","IPM","Latitude","Longitude","PPM","Party","Resident","Result"],"outcome_feature_name":"Result","trees":[{"name":"tree_9Z9ZXsNZjNw3259I_0","fitness":0.7083333134651184,"weight":0.2374427765607834,"path":"tree_store/tree_9Z9ZXsNZjNw3259I_0.json"},{"name":"tree_9Z9ZXsNZjNw3259I_1","fitness":0.8333333134651184,"weight":0.835233211517334,"path":"tree_store/tree_9Z9ZXsNZjNw3259I_1.json"},{"name":"tree_9Z9ZXsNZjNw3259I_2","fitness":0.7241379022598267,"weight":0.30821219086647036,"path":"tree_store/tree_9Z9ZXsNZjNw3259I_2.json"},{"name":"tree_9Z9ZXsNZjNw3259I_4","fitness":0.5652173757553101,"weight":0.004036167170852423,"path":"tree_store/tree_9Z9ZXsNZjNw3259I_4.json"},{"name":"tree_9Z9ZXsNZjNw3259I_3","fitness":0.8399999737739563,"weight":0.8565995693206787,"path":"tree_store/tree_9Z9ZXsNZjNw3259I_3.json"},{"name":"tree_9Z9ZXsNZjNw3259I_5","fitness":0.692307710647583,"weight":0.17588327825069428,"path":"tree_store/tree_9Z9ZXsNZjNw3259I_5.json"},{"name":"tree_9Z9ZXsNZjNw3259I_6","fitness":0.6785714030265808,"weight":0.1320313960313797,"path":"tree_store/tree_9Z9ZXsNZjNw3259I_6.json"},{"name":"tree_9Z9ZXsNZjNw3259I_7","fitness":0.8571428656578064,"weight":0.9026644229888916,"path":"tree_store/tree_9Z9ZXsNZjNw3259I_7.json"},{"name":"tree_9Z9ZXsNZjNw3259I_8","fitness":0.875,"weight":0.9380069971084595,"path":"tree_store/tree_9Z9ZXsNZjNw3259I_8.json"},{"name":"tree_9Z9ZXsNZjNw3259I_9","fitness":0.6875,"weight":0.1595878154039383,"path":"tree_store/tree_9Z9ZXsNZjNw3259I_9.json"},{"name":"tree_9Z9ZXsNZjNw3259I_10","fitness":0.7692307829856873,"weight":0.5432358980178833,"path":"tree_store/tree_9Z9ZXsNZjNw3259I_10.json"},{"name":"tree_9Z9ZXsNZjNw3259I_11","fitness":0.6969696879386902,"weight":0.1926552951335907,"path":"tree_store/tree_9Z9ZXsNZjNw3259I_11.json"},{"name":"tree_9Z9ZXsNZjNw3259I_12","fitness":0.7777777910232544,"weight":0.5886672735214233,"path":"tree_store/tree_9Z9ZXsNZjNw3259I_12.json"},{"name":"tree_9Z9ZXsNZjNw3259I_13","fitness":0.8214285969734192,"weight":0.792217493057251,"path":"tree_store/tree_9Z9ZXsNZjNw3259I_13.json"},{"name":"tree_9Z9ZXsNZjNw3259I_14","fitness":0.7272727489471436,"weight":0.3232783079147339,"path":"tree_store/tree_9Z9ZXsNZjNw3259I_14.json"},{"name":"tree_9Z9ZXsNZjNw3259I_15","fitness":0.7307692170143127,"weight":0.34043002128601076,"path":"tree_store/tree_9Z9ZXsNZjNw3259I_15.json"},{"name":"tree_9Z9ZXsNZjNw3259I_17","fitness":0.800000011920929,"weight":0.7000319957733154,"path":"tree_store/tree_9Z9ZXsNZjNw3259I_17.json"},{"name":"tree_9Z9ZXsNZjNw3259I_16","fitness":0.875,"weight":0.9380069971084595,"path":"tree_store/tree_9Z9ZXsNZjNw3259I_16.json"},{"name":"tree_9Z9ZXsNZjNw3259I_18","fitness":0.7837837934494019,"weight":0.6199312806129456,"path":"tree_store/tree_9Z9ZXsNZjNw3259I_18.json"},{"name":"tree_9Z9ZXsNZjNw3259I_19","fitness":0.7407407164573669,"weight":0.39107951521873476,"path":"tree_store/tree_9Z9ZXsNZjNw3259I_19.json"},{"name":"tree_9Z9ZXsNZjNw3259I_20","fitness":0.8571428656578064,"weight":0.9026644229888916,"path":"tree_store/tree_9Z9ZXsNZjNw3259I_20.json"},{"name":"tree_9Z9ZXsNZjNw3259I_21","fitness":0.8518518805503845,"weight":0.8897814154624939,"path":"tree_store/tree_9Z9ZXsNZjNw3259I_21.json"},{"name":"tree_9Z9ZXsNZjNw3259I_22","fitness":0.7586206793785095,"weight":0.48610934615135195,"path":"tree_store/tree_9Z9ZXsNZjNw3259I_22.json"},{"name":"tree_9Z9ZXsNZjNw3259I_23","fitness":0.7692307829856873,"weight":0.5432358980178833,"path":"tree_store/tree_9Z9ZXsNZjNw3259I_23.json"},{"name":"tree_9Z9ZXsNZjNw3259I_24","fitness":0.7368420958518982,"weight":0.37100088596343996,"path":"tree_store/tree_9Z9ZXsNZjNw3259I_24.json"},{"name":"tree_9Z9ZXsNZjNw3259I_25","fitness":0.8125,"weight":0.7559873461723328,"path":"tree_store/tree_9Z9ZXsNZjNw3259I_25.json"},{"name":"tree_9Z9ZXsNZjNw3259I_26","fitness":0.8125,"weight":0.7559873461723328,"path":"tree_store/tree_9Z9ZXsNZjNw3259I_26.json"},{"name":"tree_9Z9ZXsNZjNw3259I_27","fitness":0.8461538553237915,"weight":0.87458735704422,"path":"tree_store/tree_9Z9ZXsNZjNw3259I_27.json"},{"name":"tree_9Z9ZXsNZjNw3259I_28","fitness":0.807692289352417,"weight":0.7351512312889099,"path":"tree_store/tree_9Z9ZXsNZjNw3259I_28.json"},{"name":"tree_9Z9ZXsNZjNw3259I_29","fitness":0.75,"weight":0.43984973430633547,"path":"tree_store/tree_9Z9ZXsNZjNw3259I_29.json"},{"name":"tree_9Z9ZXsNZjNw3259I_30","fitness":0.6363636255264282,"weight":0.04576745256781578,"path":"tree_store/tree_9Z9ZXsNZjNw3259I_30.json"},{"name":"tree_9Z9ZXsNZjNw3259I_31","fitness":0.5833333134651184,"weight":0.008104863576591015,"path":"tree_store/tree_9Z9ZXsNZjNw3259I_31.json"},{"name":"tree_9Z9ZXsNZjNw3259I_32","fitness":0.6666666865348816,"weight":0.10066806524991989,"path":"tree_store/tree_9Z9ZXsNZjNw3259I_32.json"},{"name":"tree_9Z9ZXsNZjNw3259I_33","fitness":0.7878788113594055,"weight":0.6408202052116394,"path":"tree_store/tree_9Z9ZXsNZjNw3259I_33.json"},{"name":"tree_9Z9ZXsNZjNw3259I_34","fitness":0.7142857313156128,"weight":0.26300954818725588,"path":"tree_store/tree_9Z9ZXsNZjNw3259I_34.json"},{"name":"tree_9Z9ZXsNZjNw3259I_35","fitness":0.8125,"weight":0.7559873461723328,"path":"tree_store/tree_9Z9ZXsNZjNw3259I_35.json"},{"name":"tree_9Z9ZXsNZjNw3259I_36","fitness":0.5714285969734192,"weight":0.0051577030681073669,"path":"tree_store/tree_9Z9ZXsNZjNw3259I_36.json"},{"name":"tree_9Z9ZXsNZjNw3259I_37","fitness":0.7727272510528565,"weight":0.5619246363639832,"path":"tree_store/tree_9Z9ZXsNZjNw3259I_37.json"},{"name":"tree_9Z9ZXsNZjNw3259I_38","fitness":0.800000011920929,"weight":0.7000319957733154,"path":"tree_store/tree_9Z9ZXsNZjNw3259I_38.json"},{"name":"tree_9Z9ZXsNZjNw3259I_39","fitness":0.7307692170143127,"weight":0.34043002128601076,"path":"tree_store/tree_9Z9ZXsNZjNw3259I_39.json"},{"name":"tree_9Z9ZXsNZjNw3259I_40","fitness":0.75,"weight":0.43984973430633547,"path":"tree_store/tree_9Z9ZXsNZjNw3259I_40.json"},{"name":"tree_9Z9ZXsNZjNw3259I_41","fitness":0.7916666865348816,"weight":0.6597760915756226,"path":"tree_store/tree_9Z9ZXsNZjNw3259I_41.json"},{"name":"tree_9Z9ZXsNZjNw3259I_42","fitness":0.7368420958518982,"weight":0.37100088596343996,"path":"tree_store/tree_9Z9ZXsNZjNw3259I_42.json"},{"name":"tree_9Z9ZXsNZjNw3259I_43","fitness":0.8846153616905212,"weight":0.9523645043373108,"path":"tree_store/tree_9Z9ZXsNZjNw3259I_43.json"},{"name":"tree_9Z9ZXsNZjNw3259I_44","fitness":0.8399999737739563,"weight":0.8565995693206787,"path":"tree_store/tree_9Z9ZXsNZjNw3259I_44.json"},{"name":"tree_9Z9ZXsNZjNw3259I_45","fitness":0.8461538553237915,"weight":0.87458735704422,"path":"tree_store/tree_9Z9ZXsNZjNw3259I_45.json"},{"name":"tree_9Z9ZXsNZjNw3259I_46","fitness":0.6499999761581421,"weight":0.06641493737697602,"path":"tree_store/tree_9Z9ZXsNZjNw3259I_46.json"},{"name":"tree_9Z9ZXsNZjNw3259I_47","fitness":0.7222222089767456,"weight":0.29915982484817507,"path":"tree_store/tree_9Z9ZXsNZjNw3259I_47.json"},{"name":"tree_9Z9ZXsNZjNw3259I_48","fitness":0.8636363744735718,"weight":0.9169211387634277,"path":"tree_store/tree_9Z9ZXsNZjNw3259I_48.json"},{"name":"tree_9Z9ZXsNZjNw3259I_49","fitness":0.8333333134651184,"weight":0.835233211517334,"path":"tree_store/tree_9Z9ZXsNZjNw3259I_49.json"},{"name":"tree_9Z9ZXsNZjNw3259I_50","fitness":0.8333333134651184,"weight":0.835233211517334,"path":"tree_store/tree_9Z9ZXsNZjNw3259I_50.json"},{"name":"tree_9Z9ZXsNZjNw3259I_52","fitness":0.6000000238418579,"weight":0.014670387841761113,"path":"tree_store/tree_9Z9ZXsNZjNw3259I_52.json"},{"name":"tree_9Z9ZXsNZjNw3259I_51","fitness":0.7435897588729858,"weight":0.405941903591156,"path":"tree_store/tree_9Z9ZXsNZjNw3259I_51.json"},{"name":"tree_9Z9ZXsNZjNw3259I_53","fitness":0.7200000286102295,"weight":0.28881314396858218,"path":"tree_store/tree_9Z9ZXsNZjNw3259I_53.json"},{"name":"tree_9Z9ZXsNZjNw3259I_54","fitness":0.807692289352417,"weight":0.7351512312889099,"path":"tree_store/tree_9Z9ZXsNZjNw3259I_54.json"},{"name":"tree_9Z9ZXsNZjNw3259I_55","fitness":0.8095238208770752,"weight":0.7431941628456116,"path":"tree_store/tree_9Z9ZXsNZjNw3259I_55.json"},{"name":"tree_9Z9ZXsNZjNw3259I_56","fitness":0.8500000238418579,"weight":0.8849954009056091,"path":"tree_store/tree_9Z9ZXsNZjNw3259I_56.json"},{"name":"tree_9Z9ZXsNZjNw3259I_57","fitness":0.8799999952316284,"weight":0.9458454847335815,"path":"tree_store/tree_9Z9ZXsNZjNw3259I_57.json"},{"name":"tree_9Z9ZXsNZjNw3259I_58","fitness":0.7222222089767456,"weight":0.29915982484817507,"path":"tree_store/tree_9Z9ZXsNZjNw3259I_58.json"},{"name":"tree_9Z9ZXsNZjNw3259I_59","fitness":0.782608687877655,"weight":0.6138687133789063,"path":"tree_store/tree_9Z9ZXsNZjNw3259I_59.json"},{"name":"tree_9Z9ZXsNZjNw3259I_60","fitness":0.7333333492279053,"weight":0.353223979473114,"path":"tree_store/tree_9Z9ZXsNZjNw3259I_60.json"},{"name":"tree_9Z9ZXsNZjNw3259I_61","fitness":0.5714285969734192,"weight":0.0051577030681073669,"path":"tree_store/tree_9Z9ZXsNZjNw3259I_61.json"},{"name":"tree_9Z9ZXsNZjNw3259I_62","fitness":0.6666666865348816,"weight":0.10066806524991989,"path":"tree_store/tree_9Z9ZXsNZjNw3259I_62.json"},{"name":"tree_9Z9ZXsNZjNw3259I_63","fitness":0.7368420958518982,"weight":0.37100088596343996,"path":"tree_store/tree_9Z9ZXsNZjNw3259I_63.json"},{"name":"tree_9Z9ZXsNZjNw3259I_64","fitness":0.8055555820465088,"weight":0.7256090044975281,"path":"tree_store/tree_9Z9ZXsNZjNw3259I_64.json"},{"name":"tree_9Z9ZXsNZjNw3259I_66","fitness":0.8235294222831726,"weight":0.8002560138702393,"path":"tree_store/tree_9Z9ZXsNZjNw3259I_66.json"},{"name":"tree_9Z9ZXsNZjNw3259I_65","fitness":0.7599999904632568,"weight":0.49354466795921328,"path":"tree_store/tree_9Z9ZXsNZjNw3259I_65.json"},{"name":"tree_9Z9ZXsNZjNw3259I_67","fitness":0.8181818127632141,"weight":0.7794251441955566,"path":"tree_store/tree_9Z9ZXsNZjNw3259I_67.json"},{"name":"tree_9Z9ZXsNZjNw3259I_68","fitness":0.7142857313156128,"weight":0.26300954818725588,"path":"tree_store/tree_9Z9ZXsNZjNw3259I_68.json"},{"name":"tree_9Z9ZXsNZjNw3259I_69","fitness":0.6842105388641357,"weight":0.1490267813205719,"path":"tree_store/tree_9Z9ZXsNZjNw3259I_69.json"},{"name":"tree_9Z9ZXsNZjNw3259I_70","fitness":0.8500000238418579,"weight":0.8849954009056091,"path":"tree_store/tree_9Z9ZXsNZjNw3259I_70.json"},{"name":"tree_9Z9ZXsNZjNw3259I_71","fitness":0.739130437374115,"weight":0.382747620344162,"path":"tree_store/tree_9Z9ZXsNZjNw3259I_71.json"},{"name":"tree_9Z9ZXsNZjNw3259I_73","fitness":0.6666666865348816,"weight":0.10066806524991989,"path":"tree_store/tree_9Z9ZXsNZjNw3259I_73.json"},{"name":"tree_9Z9ZXsNZjNw3259I_72","fitness":0.8421052694320679,"weight":0.8629398345947266,"path":"tree_store/tree_9Z9ZXsNZjNw3259I_72.json"},{"name":"tree_9Z9ZXsNZjNw3259I_74","fitness":0.7333333492279053,"weight":0.353223979473114,"path":"tree_store/tree_9Z9ZXsNZjNw3259I_74.json"},{"name":"tree_9Z9ZXsNZjNw3259I_75","fitness":0.807692289352417,"weight":0.7351512312889099,"path":"tree_store/tree_9Z9ZXsNZjNw3259I_75.json"},{"name":"tree_9Z9ZXsNZjNw3259I_76","fitness":0.7142857313156128,"weight":0.26300954818725588,"path":"tree_store/tree_9Z9ZXsNZjNw3259I_76.json"},{"name":"tree_9Z9ZXsNZjNw3259I_77","fitness":0.7419354915618897,"weight":0.39729422330856326,"path":"tree_store/tree_9Z9ZXsNZjNw3259I_77.json"},{"name":"tree_9Z9ZXsNZjNw3259I_79","fitness":0.6206896305084229,"weight":0.028767837211489679,"path":"tree_store/tree_9Z9ZXsNZjNw3259I_79.json"},{"name":"tree_9Z9ZXsNZjNw3259I_78","fitness":0.7599999904632568,"weight":0.49354466795921328,"path":"tree_store/tree_9Z9ZXsNZjNw3259I_78.json"},{"name":"tree_9Z9ZXsNZjNw3259I_80","fitness":0.807692289352417,"weight":0.7351512312889099,"path":"tree_store/tree_9Z9ZXsNZjNw3259I_80.json"},{"name":"tree_9Z9ZXsNZjNw3259I_81","fitness":0.8095238208770752,"weight":0.7431941628456116,"path":"tree_store/tree_9Z9ZXsNZjNw3259I_81.json"},{"name":"tree_9Z9ZXsNZjNw3259I_82","fitness":0.8275862336158752,"weight":0.8152396082878113,"path":"tree_store/tree_9Z9ZXsNZjNw3259I_82.json"},{"name":"tree_9Z9ZXsNZjNw3259I_83","fitness":0.6800000071525574,"weight":0.13620497286319734,"path":"tree_store/tree_9Z9ZXsNZjNw3259I_83.json"},{"name":"tree_9Z9ZXsNZjNw3259I_84","fitness":0.800000011920929,"weight":0.7000319957733154,"path":"tree_store/tree_9Z9ZXsNZjNw3259I_84.json"},{"name":"tree_9Z9ZXsNZjNw3259I_85","fitness":0.8888888955116272,"weight":0.9578254222869873,"path":"tree_store/tree_9Z9ZXsNZjNw3259I_85.json"},{"name":"tree_9Z9ZXsNZjNw3259I_86","fitness":0.7586206793785095,"weight":0.48610934615135195,"path":"tree_store/tree_9Z9ZXsNZjNw3259I_86.json"},{"name":"tree_9Z9ZXsNZjNw3259I_88","fitness":0.699999988079071,"weight":0.20406387746334077,"path":"tree_store/tree_9Z9ZXsNZjNw3259I_88.json"},{"name":"tree_9Z9ZXsNZjNw3259I_87","fitness":0.7727272510528565,"weight":0.5619246363639832,"path":"tree_store/tree_9Z9ZXsNZjNw3259I_87.json"},{"name":"tree_9Z9ZXsNZjNw3259I_89","fitness":0.7727272510528565,"weight":0.5619246363639832,"path":"tree_store/tree_9Z9ZXsNZjNw3259I_89.json"},{"name":"tree_9Z9ZXsNZjNw3259I_90","fitness":0.7714285850524902,"weight":0.5549970865249634,"path":"tree_store/tree_9Z9ZXsNZjNw3259I_90.json"},{"name":"tree_9Z9ZXsNZjNw3259I_91","fitness":0.7333333492279053,"weight":0.353223979473114,"path":"tree_store/tree_9Z9ZXsNZjNw3259I_91.json"},{"name":"tree_9Z9ZXsNZjNw3259I_92","fitness":0.692307710647583,"weight":0.17588327825069428,"path":"tree_store/tree_9Z9ZXsNZjNw3259I_92.json"},{"name":"tree_9Z9ZXsNZjNw3259I_93","fitness":0.7599999904632568,"weight":0.49354466795921328,"path":"tree_store/tree_9Z9ZXsNZjNw3259I_93.json"},{"name":"tree_9Z9ZXsNZjNw3259I_94","fitness":0.8500000238418579,"weight":0.8849954009056091,"path":"tree_store/tree_9Z9ZXsNZjNw3259I_94.json"},{"name":"tree_9Z9ZXsNZjNw3259I_95","fitness":0.7916666865348816,"weight":0.6597760915756226,"path":"tree_store/tree_9Z9ZXsNZjNw3259I_95.json"},{"name":"tree_9Z9ZXsNZjNw3259I_96","fitness":0.7333333492279053,"weight":0.353223979473114,"path":"tree_store/tree_9Z9ZXsNZjNw3259I_96.json"},{"name":"tree_9Z9ZXsNZjNw3259I_97","fitness":0.7586206793785095,"weight":0.48610934615135195,"path":"tree_store/tree_9Z9ZXsNZjNw3259I_97.json"},{"name":"tree_9Z9ZXsNZjNw3259I_98","fitness":0.782608687877655,"weight":0.6138687133789063,"path":"tree_store/tree_9Z9ZXsNZjNw3259I_98.json"},{"name":"tree_9Z9ZXsNZjNw3259I_99","fitness":0.7083333134651184,"weight":0.2374427765607834,"path":"tree_store/tree_9Z9ZXsNZjNw3259I_99.json"}]}