{"type":"ClassificationForest","considered_feature_names":["APM","CandiNum","Gender","IPM","Latitude","Longitude","PPM","Party","Resident","Result"],"outcome_feature_name":"Result","trees":[{"name":"tree_kwmlsJxNUhDq1qR3_0","fitness":0.8500000238418579,"weight":0.9018869996070862,"path":"tree_store/tree_kwmlsJxNUhDq1qR3_0.json"},{"name":"tree_kwmlsJxNUhDq1qR3_1","fitness":0.8181818127632141,"weight":0.8105980157852173,"path":"tree_store/tree_kwmlsJxNUhDq1qR3_1.json"},{"name":"tree_kwmlsJxNUhDq1qR3_2","fitness":0.78125,"weight":0.6559988260269165,"path":"tree_store/tree_kwmlsJxNUhDq1qR3_2.json"},{"name":"tree_kwmlsJxNUhDq1qR3_3","fitness":0.8333333134651184,"weight":0.8591311573982239,"path":"tree_store/tree_kwmlsJxNUhDq1qR3_3.json"},{"name":"tree_kwmlsJxNUhDq1qR3_4","fitness":0.8148148059844971,"weight":0.7985561490058899,"path":"tree_store/tree_kwmlsJxNUhDq1qR3_4.json"},{"name":"tree_kwmlsJxNUhDq1qR3_5","fitness":0.7333333492279053,"weight":0.4132080376148224,"path":"tree_store/tree_kwmlsJxNUhDq1qR3_5.json"},{"name":"tree_kwmlsJxNUhDq1qR3_6","fitness":0.800000011920929,"weight":0.7403795719146729,"path":"tree_store/tree_kwmlsJxNUhDq1qR3_6.json"},{"name":"tree_kwmlsJxNUhDq1qR3_7","fitness":0.7083333134651184,"weight":0.29348504543304446,"path":"tree_store/tree_kwmlsJxNUhDq1qR3_7.json"},{"name":"tree_kwmlsJxNUhDq1qR3_8","fitness":0.6363636255264282,"weight":0.07000402361154556,"path":"tree_store/tree_kwmlsJxNUhDq1qR3_8.json"},{"name":"tree_kwmlsJxNUhDq1qR3_9","fitness":0.7142857313156128,"weight":0.3205701410770416,"path":"tree_store/tree_kwmlsJxNUhDq1qR3_9.json"},{"name":"tree_kwmlsJxNUhDq1qR3_10","fitness":0.9142857193946838,"weight":0.9832210540771484,"path":"tree_store/tree_kwmlsJxNUhDq1qR3_10.json"},{"name":"tree_kwmlsJxNUhDq1qR3_11","fitness":0.6666666865348816,"weight":0.13937829434871674,"path":"tree_store/tree_kwmlsJxNUhDq1qR3_11.json"},{"name":"tree_kwmlsJxNUhDq1qR3_12","fitness":0.7777777910232544,"weight":0.6392958760261536,"path":"tree_store/tree_kwmlsJxNUhDq1qR3_12.json"},{"name":"tree_kwmlsJxNUhDq1qR3_13","fitness":0.7368420958518982,"weight":0.43099692463874819,"path":"tree_store/tree_kwmlsJxNUhDq1qR3_13.json"},{"name":"tree_kwmlsJxNUhDq1qR3_14","fitness":0.8108108043670654,"weight":0.7836542129516602,"path":"tree_store/tree_kwmlsJxNUhDq1qR3_14.json"},{"name":"tree_kwmlsJxNUhDq1qR3_15","fitness":0.8529411554336548,"weight":0.9083211421966553,"path":"tree_store/tree_kwmlsJxNUhDq1qR3_15.json"},{"name":"tree_kwmlsJxNUhDq1qR3_16","fitness":0.7200000286102295,"weight":0.347505658864975,"path":"tree_store/tree_kwmlsJxNUhDq1qR3_16.json"},{"name":"tree_kwmlsJxNUhDq1qR3_17","fitness":0.6800000071525574,"weight":0.1813180148601532,"path":"tree_store/tree_kwmlsJxNUhDq1qR3_17.json"},{"name":"tree_kwmlsJxNUhDq1qR3_18","fitness":0.7272727489471436,"weight":0.38291680812835696,"path":"tree_store/tree_kwmlsJxNUhDq1qR3_18.json"},{"name":"tree_kwmlsJxNUhDq1qR3_19","fitness":0.8787878751754761,"weight":0.9520825147628784,"path":"tree_store/tree_kwmlsJxNUhDq1qR3_19.json"},{"name":"tree_kwmlsJxNUhDq1qR3_20","fitness":0.800000011920929,"weight":0.7403795719146729,"path":"tree_store/tree_kwmlsJxNUhDq1qR3_20.json"},{"name":"tree_kwmlsJxNUhDq1qR3_21","fitness":0.7333333492279053,"weight":0.4132080376148224,"path":"tree_store/tree_kwmlsJxNUhDq1qR3_21.json"},{"name":"tree_kwmlsJxNUhDq1qR3_22","fitness":0.692307710647583,"weight":0.22636252641677857,"path":"tree_store/tree_kwmlsJxNUhDq1qR3_22.json"},{"name":"tree_kwmlsJxNUhDq1qR3_23","fitness":0.8108108043670654,"weight":0.7836542129516602,"path":"tree_store/tree_kwmlsJxNUhDq1qR3_23.json"},{"name":"tree_kwmlsJxNUhDq1qR3_24","fitness":0.625,"weight":0.052294448018074039,"path":"tree_store/tree_kwmlsJxNUhDq1qR3_24.json"},{"name":"tree_kwmlsJxNUhDq1qR3_25","fitness":0.75,"weight":0.4986649751663208,"path":"tree_store/tree_kwmlsJxNUhDq1qR3_25.json"},{"name":"tree_kwmlsJxNUhDq1qR3_26","fitness":0.7428571581840515,"weight":0.46180078387260439,"path":"tree_store/tree_kwmlsJxNUhDq1qR3_26.json"},{"name":"tree_kwmlsJxNUhDq1qR3_27","fitness":0.7368420958518982,"weight":0.43099692463874819,"path":"tree_store/tree_kwmlsJxNUhDq1qR3_27.json"},{"name":"tree_kwmlsJxNUhDq1qR3_28","fitness":0.695652186870575,"weight":0.2396140843629837,"path":"tree_store/tree_kwmlsJxNUhDq1qR3_28.json"},{"name":"tree_kwmlsJxNUhDq1qR3_29","fitness":0.875,"weight":0.9469863176345825,"path":"tree_store/tree_kwmlsJxNUhDq1qR3_29.json"},{"name":"tree_kwmlsJxNUhDq1qR3_30","fitness":0.6666666865348816,"weight":0.13937829434871674,"path":"tree_store/tree_kwmlsJxNUhDq1qR3_30.json"},{"name":"tree_kwmlsJxNUhDq1qR3_32","fitness":0.6842105388641357,"weight":0.1960550993680954,"path":"tree_store/tree_kwmlsJxNUhDq1qR3_32.json"},{"name":"tree_kwmlsJxNUhDq1qR3_31","fitness":0.8125,"weight":0.7900173664093018,"path":"tree_store/tree_kwmlsJxNUhDq1qR3_31.json"},{"name":"tree_kwmlsJxNUhDq1qR3_33","fitness":0.625,"weight":0.052294448018074039,"path":"tree_store/tree_kwmlsJxNUhDq1qR3_33.json"},{"name":"tree_kwmlsJxNUhDq1qR3_34","fitness":0.6538461446762085,"weight":0.1057894304394722,"path":"tree_store/tree_kwmlsJxNUhDq1qR3_34.json"},{"name":"tree_kwmlsJxNUhDq1qR3_35","fitness":0.7727272510528565,"weight":0.6145263910293579,"path":"tree_store/tree_kwmlsJxNUhDq1qR3_35.json"},{"name":"tree_kwmlsJxNUhDq1qR3_36","fitness":0.6875,"weight":0.20805902779102326,"path":"tree_store/tree_kwmlsJxNUhDq1qR3_36.json"},{"name":"tree_kwmlsJxNUhDq1qR3_37","fitness":0.800000011920929,"weight":0.7403795719146729,"path":"tree_store/tree_kwmlsJxNUhDq1qR3_37.json"},{"name":"tree_kwmlsJxNUhDq1qR3_38","fitness":0.6800000071525574,"weight":0.1813180148601532,"path":"tree_store/tree_kwmlsJxNUhDq1qR3_38.json"},{"name":"tree_kwmlsJxNUhDq1qR3_39","fitness":0.761904776096344,"weight":0.5599753260612488,"path":"tree_store/tree_kwmlsJxNUhDq1qR3_39.json"},{"name":"tree_kwmlsJxNUhDq1qR3_40","fitness":0.7894737124443054,"weight":0.6943168640136719,"path":"tree_store/tree_kwmlsJxNUhDq1qR3_40.json"},{"name":"tree_kwmlsJxNUhDq1qR3_41","fitness":0.7777777910232544,"weight":0.6392958760261536,"path":"tree_store/tree_kwmlsJxNUhDq1qR3_41.json"},{"name":"tree_kwmlsJxNUhDq1qR3_42","fitness":0.7368420958518982,"weight":0.43099692463874819,"path":"tree_store/tree_kwmlsJxNUhDq1qR3_42.json"},{"name":"tree_kwmlsJxNUhDq1qR3_43","fitness":0.8125,"weight":0.7900173664093018,"path":"tree_store/tree_kwmlsJxNUhDq1qR3_43.json"},{"name":"tree_kwmlsJxNUhDq1qR3_44","fitness":0.699999988079071,"weight":0.2574557960033417,"path":"tree_store/tree_kwmlsJxNUhDq1qR3_44.json"},{"name":"tree_kwmlsJxNUhDq1qR3_45","fitness":0.699999988079071,"weight":0.2574557960033417,"path":"tree_store/tree_kwmlsJxNUhDq1qR3_45.json"},{"name":"tree_kwmlsJxNUhDq1qR3_46","fitness":0.8947368264198303,"weight":0.9693997502326965,"path":"tree_store/tree_kwmlsJxNUhDq1qR3_46.json"},{"name":"tree_kwmlsJxNUhDq1qR3_47","fitness":0.761904776096344,"weight":0.5599753260612488,"path":"tree_store/tree_kwmlsJxNUhDq1qR3_47.json"},{"name":"tree_kwmlsJxNUhDq1qR3_48","fitness":0.6363636255264282,"weight":0.07000402361154556,"path":"tree_store/tree_kwmlsJxNUhDq1qR3_48.json"},{"name":"tree_kwmlsJxNUhDq1qR3_49","fitness":0.6363636255264282,"weight":0.07000402361154556,"path":"tree_store/tree_kwmlsJxNUhDq1qR3_49.json"},{"name":"tree_kwmlsJxNUhDq1qR3_50","fitness":0.6538461446762085,"weight":0.1057894304394722,"path":"tree_store/tree_kwmlsJxNUhDq1qR3_50.json"},{"name":"tree_kwmlsJxNUhDq1qR3_51","fitness":0.7096773982048035,"weight":0.29950788617134097,"path":"tree_store/tree_kwmlsJxNUhDq1qR3_51.json"},{"name":"tree_kwmlsJxNUhDq1qR3_52","fitness":0.8055555820465088,"weight":0.7631589770317078,"path":"tree_store/tree_kwmlsJxNUhDq1qR3_52.json"},{"name":"tree_kwmlsJxNUhDq1qR3_53","fitness":0.8999999761581421,"weight":0.9738247394561768,"path":"tree_store/tree_kwmlsJxNUhDq1qR3_53.json"},{"name":"tree_kwmlsJxNUhDq1qR3_54","fitness":0.6000000238418579,"weight":0.0257713682949543,"path":"tree_store/tree_kwmlsJxNUhDq1qR3_54.json"},{"name":"tree_kwmlsJxNUhDq1qR3_55","fitness":0.7916666865348816,"weight":0.7042070031166077,"path":"tree_store/tree_kwmlsJxNUhDq1qR3_55.json"},{"name":"tree_kwmlsJxNUhDq1qR3_56","fitness":0.8709677457809448,"weight":0.9410985708236694,"path":"tree_store/tree_kwmlsJxNUhDq1qR3_56.json"},{"name":"tree_kwmlsJxNUhDq1qR3_57","fitness":0.761904776096344,"weight":0.5599753260612488,"path":"tree_store/tree_kwmlsJxNUhDq1qR3_57.json"},{"name":"tree_kwmlsJxNUhDq1qR3_58","fitness":0.8518518805503845,"weight":0.9059756398200989,"path":"tree_store/tree_kwmlsJxNUhDq1qR3_58.json"},{"name":"tree_kwmlsJxNUhDq1qR3_59","fitness":0.8235294222831726,"weight":0.828789472579956,"path":"tree_store/tree_kwmlsJxNUhDq1qR3_59.json"},{"name":"tree_kwmlsJxNUhDq1qR3_60","fitness":0.6666666865348816,"weight":0.13937829434871674,"path":"tree_store/tree_kwmlsJxNUhDq1qR3_60.json"},{"name":"tree_kwmlsJxNUhDq1qR3_61","fitness":0.8484848737716675,"weight":0.8984459638595581,"path":"tree_store/tree_kwmlsJxNUhDq1qR3_61.json"},{"name":"tree_kwmlsJxNUhDq1qR3_62","fitness":0.692307710647583,"weight":0.22636252641677857,"path":"tree_store/tree_kwmlsJxNUhDq1qR3_62.json"},{"name":"tree_kwmlsJxNUhDq1qR3_63","fitness":0.7333333492279053,"weight":0.4132080376148224,"path":"tree_store/tree_kwmlsJxNUhDq1qR3_63.json"},{"name":"tree_kwmlsJxNUhDq1qR3_64","fitness":0.8620689511299133,"weight":0.9262974858283997,"path":"tree_store/tree_kwmlsJxNUhDq1qR3_64.json"},{"name":"tree_kwmlsJxNUhDq1qR3_65","fitness":0.6315789222717285,"weight":0.06205393746495247,"path":"tree_store/tree_kwmlsJxNUhDq1qR3_65.json"},{"name":"tree_kwmlsJxNUhDq1qR3_67","fitness":0.7692307829856873,"weight":0.5970937013626099,"path":"tree_store/tree_kwmlsJxNUhDq1qR3_67.json"},{"name":"tree_kwmlsJxNUhDq1qR3_66","fitness":0.6666666865348816,"weight":0.13937829434871674,"path":"tree_store/tree_kwmlsJxNUhDq1qR3_66.json"},{"name":"tree_kwmlsJxNUhDq1qR3_68","fitness":0.7250000238418579,"weight":0.3717290759086609,"path":"tree_store/tree_kwmlsJxNUhDq1qR3_68.json"},{"name":"tree_kwmlsJxNUhDq1qR3_69","fitness":0.8214285969734192,"weight":0.8217804431915283,"path":"tree_store/tree_kwmlsJxNUhDq1qR3_69.json"},{"name":"tree_kwmlsJxNUhDq1qR3_70","fitness":0.75,"weight":0.4986649751663208,"path":"tree_store/tree_kwmlsJxNUhDq1qR3_70.json"},{"name":"tree_kwmlsJxNUhDq1qR3_71","fitness":0.8695651888847351,"weight":0.938934326171875,"path":"tree_store/tree_kwmlsJxNUhDq1qR3_71.json"},{"name":"tree_kwmlsJxNUhDq1qR3_72","fitness":0.6896551847457886,"weight":0.21615375578403474,"path":"tree_store/tree_kwmlsJxNUhDq1qR3_72.json"},{"name":"tree_kwmlsJxNUhDq1qR3_73","fitness":0.782608687877655,"weight":0.6624549627304077,"path":"tree_store/tree_kwmlsJxNUhDq1qR3_73.json"},{"name":"tree_kwmlsJxNUhDq1qR3_74","fitness":0.8399999737739563,"weight":0.8775457739830017,"path":"tree_store/tree_kwmlsJxNUhDq1qR3_74.json"},{"name":"tree_kwmlsJxNUhDq1qR3_75","fitness":0.800000011920929,"weight":0.7403795719146729,"path":"tree_store/tree_kwmlsJxNUhDq1qR3_75.json"},{"name":"tree_kwmlsJxNUhDq1qR3_76","fitness":0.7419354915618897,"weight":0.45706120133399966,"path":"tree_store/tree_kwmlsJxNUhDq1qR3_76.json"},{"name":"tree_kwmlsJxNUhDq1qR3_77","fitness":0.8095238208770752,"weight":0.778732180595398,"path":"tree_store/tree_kwmlsJxNUhDq1qR3_77.json"},{"name":"tree_kwmlsJxNUhDq1qR3_78","fitness":0.6785714030265808,"weight":0.17647966742515565,"path":"tree_store/tree_kwmlsJxNUhDq1qR3_78.json"},{"name":"tree_kwmlsJxNUhDq1qR3_79","fitness":0.7272727489471436,"weight":0.38291680812835696,"path":"tree_store/tree_kwmlsJxNUhDq1qR3_79.json"},{"name":"tree_kwmlsJxNUhDq1qR3_80","fitness":0.6896551847457886,"weight":0.21615375578403474,"path":"tree_store/tree_kwmlsJxNUhDq1qR3_80.json"},{"name":"tree_kwmlsJxNUhDq1qR3_81","fitness":0.5652173757553101,"weight":0.008250972256064415,"path":"tree_store/tree_kwmlsJxNUhDq1qR3_81.json"},{"name":"tree_kwmlsJxNUhDq1qR3_82","fitness":0.8214285969734192,"weight":0.8217804431915283,"path":"tree_store/tree_kwmlsJxNUhDq1qR3_82.json"},{"name":"tree_kwmlsJxNUhDq1qR3_83","fitness":0.7407407164573669,"weight":0.45092636346817019,"path":"tree_store/tree_kwmlsJxNUhDq1qR3_83.json"},{"name":"tree_kwmlsJxNUhDq1qR3_84","fitness":0.8125,"weight":0.7900173664093018,"path":"tree_store/tree_kwmlsJxNUhDq1qR3_84.json"},{"name":"tree_kwmlsJxNUhDq1qR3_85","fitness":0.8181818127632141,"weight":0.8105980157852173,"path":"tree_store/tree_kwmlsJxNUhDq1qR3_85.json"},{"name":"tree_kwmlsJxNUhDq1qR3_86","fitness":0.7599999904632568,"weight":0.5502234697341919,"path":"tree_store/tree_kwmlsJxNUhDq1qR3_86.json"},{"name":"tree_kwmlsJxNUhDq1qR3_87","fitness":0.6666666865348816,"weight":0.13937829434871674,"path":"tree_store/tree_kwmlsJxNUhDq1qR3_87.json"},{"name":"tree_kwmlsJxNUhDq1qR3_88","fitness":0.6399999856948853,"weight":0.07655330747365952,"path":"tree_store/tree_kwmlsJxNUhDq1qR3_88.json"},{"name":"tree_kwmlsJxNUhDq1qR3_89","fitness":0.782608687877655,"weight":0.6624549627304077,"path":"tree_store/tree_kwmlsJxNUhDq1qR3_89.json"},{"name":"tree_kwmlsJxNUhDq1qR3_90","fitness":0.6666666865348816,"weight":0.13937829434871674,"path":"tree_store/tree_kwmlsJxNUhDq1qR3_90.json"},{"name":"tree_kwmlsJxNUhDq1qR3_92","fitness":0.8636363744735718,"weight":0.9290928840637207,"path":"tree_store/tree_kwmlsJxNUhDq1qR3_92.json"},{"name":"tree_kwmlsJxNUhDq1qR3_91","fitness":0.7083333134651184,"weight":0.29348504543304446,"path":"tree_store/tree_kwmlsJxNUhDq1qR3_91.json"},{"name":"tree_kwmlsJxNUhDq1qR3_93","fitness":0.8205128312110901,"weight":0.8186693787574768,"path":"tree_store/tree_kwmlsJxNUhDq1qR3_93.json"},{"name":"tree_kwmlsJxNUhDq1qR3_94","fitness":0.800000011920929,"weight":0.7403795719146729,"path":"tree_store/tree_kwmlsJxNUhDq1qR3_94.json"},{"name":"tree_kwmlsJxNUhDq1qR3_95","fitness":0.75,"weight":0.4986649751663208,"path":"tree_store/tree_kwmlsJxNUhDq1qR3_95.json"},{"name":"tree_kwmlsJxNUhDq1qR3_96","fitness":0.6666666865348816,"weight":0.13937829434871674,"path":"tree_store/tree_kwmlsJxNUhDq1qR3_96.json"},{"name":"tree_kwmlsJxNUhDq1qR3_97","fitness":0.6857143044471741,"weight":0.2014896720647812,"path":"tree_store/tree_kwmlsJxNUhDq1qR3_97.json"},{"name":"tree_kwmlsJxNUhDq1qR3_98","fitness":0.7599999904632568,"weight":0.5502234697341919,"path":"tree_store/tree_kwmlsJxNUhDq1qR3_98.json"},{"name":"tree_kwmlsJxNUhDq1qR3_99","fitness":0.625,"weight":0.052294448018074039,"path":"tree_store/tree_kwmlsJxNUhDq1qR3_99.json"}]}