{"type":"ClassificationForest","considered_feature_names":["APM","CandiNum","Gender","IPM","Latitude","Longitude","PPM","Party","Resident","Result"],"outcome_feature_name":"Result","trees":[{"name":"tree_LA4lSpN35Uh8hqf2_0","fitness":0.800000011920929,"weight":0.7818560004234314,"path":"tree_store/tree_LA4lSpN35Uh8hqf2_0.json"},{"name":"tree_LA4lSpN35Uh8hqf2_2","fitness":0.6190476417541504,"weight":0.12263800203800202,"path":"tree_store/tree_LA4lSpN35Uh8hqf2_2.json"},{"name":"tree_LA4lSpN35Uh8hqf2_1","fitness":0.699999988079071,"weight":0.38444116711616518,"path":"tree_store/tree_LA4lSpN35Uh8hqf2_1.json"},{"name":"tree_LA4lSpN35Uh8hqf2_3","fitness":0.7307692170143127,"weight":0.5144008994102478,"path":"tree_store/tree_LA4lSpN35Uh8hqf2_3.json"},{"name":"tree_LA4lSpN35Uh8hqf2_5","fitness":0.5714285969734192,"weight":0.04721034690737724,"path":"tree_store/tree_LA4lSpN35Uh8hqf2_5.json"},{"name":"tree_LA4lSpN35Uh8hqf2_4","fitness":0.7428571581840515,"weight":0.5658137798309326,"path":"tree_store/tree_LA4lSpN35Uh8hqf2_4.json"},{"name":"tree_LA4lSpN35Uh8hqf2_6","fitness":0.84375,"weight":0.893913745880127,"path":"tree_store/tree_LA4lSpN35Uh8hqf2_6.json"},{"name":"tree_LA4lSpN35Uh8hqf2_7","fitness":0.8148148059844971,"weight":0.8257076144218445,"path":"tree_store/tree_LA4lSpN35Uh8hqf2_7.json"},{"name":"tree_LA4lSpN35Uh8hqf2_8","fitness":0.7272727489471436,"weight":0.49944642186164858,"path":"tree_store/tree_LA4lSpN35Uh8hqf2_8.json"},{"name":"tree_LA4lSpN35Uh8hqf2_9","fitness":0.7307692170143127,"weight":0.5144008994102478,"path":"tree_store/tree_LA4lSpN35Uh8hqf2_9.json"},{"name":"tree_LA4lSpN35Uh8hqf2_10","fitness":0.6206896305084229,"weight":0.12625108659267426,"path":"tree_store/tree_LA4lSpN35Uh8hqf2_10.json"},{"name":"tree_LA4lSpN35Uh8hqf2_11","fitness":0.8235294222831726,"weight":0.8486793637275696,"path":"tree_store/tree_LA4lSpN35Uh8hqf2_11.json"},{"name":"tree_LA4lSpN35Uh8hqf2_12","fitness":0.7692307829856873,"weight":0.673116147518158,"path":"tree_store/tree_LA4lSpN35Uh8hqf2_12.json"},{"name":"tree_LA4lSpN35Uh8hqf2_13","fitness":0.5769230723381043,"weight":0.05330627039074898,"path":"tree_store/tree_LA4lSpN35Uh8hqf2_13.json"},{"name":"tree_LA4lSpN35Uh8hqf2_14","fitness":0.6666666865348816,"weight":0.257434606552124,"path":"tree_store/tree_LA4lSpN35Uh8hqf2_14.json"},{"name":"tree_LA4lSpN35Uh8hqf2_15","fitness":0.6551724076271057,"weight":0.21930889785289765,"path":"tree_store/tree_LA4lSpN35Uh8hqf2_15.json"},{"name":"tree_LA4lSpN35Uh8hqf2_16","fitness":0.6666666865348816,"weight":0.257434606552124,"path":"tree_store/tree_LA4lSpN35Uh8hqf2_16.json"},{"name":"tree_LA4lSpN35Uh8hqf2_17","fitness":0.7419354915618897,"weight":0.5619215965270996,"path":"tree_store/tree_LA4lSpN35Uh8hqf2_17.json"},{"name":"tree_LA4lSpN35Uh8hqf2_18","fitness":0.7083333134651184,"weight":0.4189900755882263,"path":"tree_store/tree_LA4lSpN35Uh8hqf2_18.json"},{"name":"tree_LA4lSpN35Uh8hqf2_19","fitness":0.7714285850524902,"weight":0.6815727949142456,"path":"tree_store/tree_LA4lSpN35Uh8hqf2_19.json"},{"name":"tree_LA4lSpN35Uh8hqf2_20","fitness":0.692307710647583,"weight":0.3533385992050171,"path":"tree_store/tree_LA4lSpN35Uh8hqf2_20.json"},{"name":"tree_LA4lSpN35Uh8hqf2_21","fitness":0.6315789222717285,"weight":0.1520865261554718,"path":"tree_store/tree_LA4lSpN35Uh8hqf2_21.json"},{"name":"tree_LA4lSpN35Uh8hqf2_22","fitness":0.8620689511299133,"weight":0.9256376028060913,"path":"tree_store/tree_LA4lSpN35Uh8hqf2_22.json"},{"name":"tree_LA4lSpN35Uh8hqf2_23","fitness":0.6551724076271057,"weight":0.21930889785289765,"path":"tree_store/tree_LA4lSpN35Uh8hqf2_23.json"},{"name":"tree_LA4lSpN35Uh8hqf2_25","fitness":0.75,"weight":0.5957338213920593,"path":"tree_store/tree_LA4lSpN35Uh8hqf2_25.json"},{"name":"tree_LA4lSpN35Uh8hqf2_24","fitness":0.8095238208770752,"weight":0.8107333183288574,"path":"tree_store/tree_LA4lSpN35Uh8hqf2_24.json"},{"name":"tree_LA4lSpN35Uh8hqf2_26","fitness":0.7857142686843872,"weight":0.7341092228889465,"path":"tree_store/tree_LA4lSpN35Uh8hqf2_26.json"},{"name":"tree_LA4lSpN35Uh8hqf2_27","fitness":0.7272727489471436,"weight":0.49944642186164858,"path":"tree_store/tree_LA4lSpN35Uh8hqf2_27.json"},{"name":"tree_LA4lSpN35Uh8hqf2_28","fitness":0.699999988079071,"weight":0.38444116711616518,"path":"tree_store/tree_LA4lSpN35Uh8hqf2_28.json"},{"name":"tree_LA4lSpN35Uh8hqf2_29","fitness":0.6666666865348816,"weight":0.257434606552124,"path":"tree_store/tree_LA4lSpN35Uh8hqf2_29.json"},{"name":"tree_LA4lSpN35Uh8hqf2_30","fitness":0.8666666746139526,"weight":0.9323275089263916,"path":"tree_store/tree_LA4lSpN35Uh8hqf2_30.json"},{"name":"tree_LA4lSpN35Uh8hqf2_31","fitness":0.8055555820465088,"weight":0.7989986538887024,"path":"tree_store/tree_LA4lSpN35Uh8hqf2_31.json"},{"name":"tree_LA4lSpN35Uh8hqf2_32","fitness":0.7142857313156128,"weight":0.44407355785369875,"path":"tree_store/tree_LA4lSpN35Uh8hqf2_32.json"},{"name":"tree_LA4lSpN35Uh8hqf2_33","fitness":0.5862069129943848,"weight":0.0650058388710022,"path":"tree_store/tree_LA4lSpN35Uh8hqf2_33.json"},{"name":"tree_LA4lSpN35Uh8hqf2_34","fitness":0.7777777910232544,"weight":0.7054652571678162,"path":"tree_store/tree_LA4lSpN35Uh8hqf2_34.json"},{"name":"tree_LA4lSpN35Uh8hqf2_35","fitness":0.7586206793785095,"weight":0.631097137928009,"path":"tree_store/tree_LA4lSpN35Uh8hqf2_35.json"},{"name":"tree_LA4lSpN35Uh8hqf2_36","fitness":0.6315789222717285,"weight":0.1520865261554718,"path":"tree_store/tree_LA4lSpN35Uh8hqf2_36.json"},{"name":"tree_LA4lSpN35Uh8hqf2_37","fitness":0.78125,"weight":0.7181714177131653,"path":"tree_store/tree_LA4lSpN35Uh8hqf2_37.json"},{"name":"tree_LA4lSpN35Uh8hqf2_38","fitness":0.7142857313156128,"weight":0.44407355785369875,"path":"tree_store/tree_LA4lSpN35Uh8hqf2_38.json"},{"name":"tree_LA4lSpN35Uh8hqf2_40","fitness":0.7599999904632568,"weight":0.6366621851921082,"path":"tree_store/tree_LA4lSpN35Uh8hqf2_40.json"},{"name":"tree_LA4lSpN35Uh8hqf2_39","fitness":0.6666666865348816,"weight":0.257434606552124,"path":"tree_store/tree_LA4lSpN35Uh8hqf2_39.json"},{"name":"tree_LA4lSpN35Uh8hqf2_41","fitness":0.7419354915618897,"weight":0.5619215965270996,"path":"tree_store/tree_LA4lSpN35Uh8hqf2_41.json"},{"name":"tree_LA4lSpN35Uh8hqf2_42","fitness":0.782608687877655,"weight":0.7230704426765442,"path":"tree_store/tree_LA4lSpN35Uh8hqf2_42.json"},{"name":"tree_LA4lSpN35Uh8hqf2_43","fitness":0.7333333492279053,"weight":0.5253560543060303,"path":"tree_store/tree_LA4lSpN35Uh8hqf2_43.json"},{"name":"tree_LA4lSpN35Uh8hqf2_44","fitness":0.8214285969734192,"weight":0.8433347940444946,"path":"tree_store/tree_LA4lSpN35Uh8hqf2_44.json"},{"name":"tree_LA4lSpN35Uh8hqf2_45","fitness":0.7692307829856873,"weight":0.673116147518158,"path":"tree_store/tree_LA4lSpN35Uh8hqf2_45.json"},{"name":"tree_LA4lSpN35Uh8hqf2_46","fitness":0.837837815284729,"weight":0.8818363547325134,"path":"tree_store/tree_LA4lSpN35Uh8hqf2_46.json"},{"name":"tree_LA4lSpN35Uh8hqf2_47","fitness":0.4000000059604645,"weight":0.00022339870338328183,"path":"tree_store/tree_LA4lSpN35Uh8hqf2_47.json"},{"name":"tree_LA4lSpN35Uh8hqf2_49","fitness":0.6538461446762085,"weight":0.21512874960899354,"path":"tree_store/tree_LA4lSpN35Uh8hqf2_49.json"},{"name":"tree_LA4lSpN35Uh8hqf2_50","fitness":0.6333333253860474,"weight":0.15655617415905,"path":"tree_store/tree_LA4lSpN35Uh8hqf2_50.json"},{"name":"tree_LA4lSpN35Uh8hqf2_48","fitness":0.6666666865348816,"weight":0.257434606552124,"path":"tree_store/tree_LA4lSpN35Uh8hqf2_48.json"},{"name":"tree_LA4lSpN35Uh8hqf2_51","fitness":0.7200000286102295,"weight":0.4683675765991211,"path":"tree_store/tree_LA4lSpN35Uh8hqf2_51.json"},{"name":"tree_LA4lSpN35Uh8hqf2_52","fitness":0.6470588445663452,"weight":0.19447247684001923,"path":"tree_store/tree_LA4lSpN35Uh8hqf2_52.json"},{"name":"tree_LA4lSpN35Uh8hqf2_53","fitness":0.8333333134651184,"weight":0.8720037937164307,"path":"tree_store/tree_LA4lSpN35Uh8hqf2_53.json"},{"name":"tree_LA4lSpN35Uh8hqf2_54","fitness":0.7599999904632568,"weight":0.6366621851921082,"path":"tree_store/tree_LA4lSpN35Uh8hqf2_54.json"},{"name":"tree_LA4lSpN35Uh8hqf2_55","fitness":0.7931034564971924,"weight":0.7594467997550964,"path":"tree_store/tree_LA4lSpN35Uh8hqf2_55.json"},{"name":"tree_LA4lSpN35Uh8hqf2_56","fitness":0.8235294222831726,"weight":0.8486793637275696,"path":"tree_store/tree_LA4lSpN35Uh8hqf2_56.json"},{"name":"tree_LA4lSpN35Uh8hqf2_57","fitness":0.6896551847457886,"weight":0.3428248167037964,"path":"tree_store/tree_LA4lSpN35Uh8hqf2_57.json"},{"name":"tree_LA4lSpN35Uh8hqf2_58","fitness":0.8999999761581421,"weight":0.9679000973701477,"path":"tree_store/tree_LA4lSpN35Uh8hqf2_58.json"},{"name":"tree_LA4lSpN35Uh8hqf2_59","fitness":0.6666666865348816,"weight":0.257434606552124,"path":"tree_store/tree_LA4lSpN35Uh8hqf2_59.json"},{"name":"tree_LA4lSpN35Uh8hqf2_60","fitness":0.6896551847457886,"weight":0.3428248167037964,"path":"tree_store/tree_LA4lSpN35Uh8hqf2_60.json"},{"name":"tree_LA4lSpN35Uh8hqf2_61","fitness":0.6499999761581421,"weight":0.2032710611820221,"path":"tree_store/tree_LA4lSpN35Uh8hqf2_61.json"},{"name":"tree_LA4lSpN35Uh8hqf2_63","fitness":0.8148148059844971,"weight":0.8257076144218445,"path":"tree_store/tree_LA4lSpN35Uh8hqf2_63.json"},{"name":"tree_LA4lSpN35Uh8hqf2_64","fitness":0.8333333134651184,"weight":0.8720037937164307,"path":"tree_store/tree_LA4lSpN35Uh8hqf2_64.json"},{"name":"tree_LA4lSpN35Uh8hqf2_62","fitness":0.6451612710952759,"weight":0.188920795917511,"path":"tree_store/tree_LA4lSpN35Uh8hqf2_62.json"},{"name":"tree_LA4lSpN35Uh8hqf2_65","fitness":0.78125,"weight":0.7181714177131653,"path":"tree_store/tree_LA4lSpN35Uh8hqf2_65.json"},{"name":"tree_LA4lSpN35Uh8hqf2_66","fitness":0.6363636255264282,"weight":0.16447807848453523,"path":"tree_store/tree_LA4lSpN35Uh8hqf2_66.json"},{"name":"tree_LA4lSpN35Uh8hqf2_67","fitness":0.8275862336158752,"weight":0.8586531281471252,"path":"tree_store/tree_LA4lSpN35Uh8hqf2_67.json"},{"name":"tree_LA4lSpN35Uh8hqf2_68","fitness":0.761904776096344,"weight":0.6442999243736267,"path":"tree_store/tree_LA4lSpN35Uh8hqf2_68.json"},{"name":"tree_LA4lSpN35Uh8hqf2_69","fitness":0.75,"weight":0.5957338213920593,"path":"tree_store/tree_LA4lSpN35Uh8hqf2_69.json"},{"name":"tree_LA4lSpN35Uh8hqf2_70","fitness":0.9047619104385376,"weight":0.9714047908782959,"path":"tree_store/tree_LA4lSpN35Uh8hqf2_70.json"},{"name":"tree_LA4lSpN35Uh8hqf2_71","fitness":0.8928571343421936,"weight":0.9619846940040588,"path":"tree_store/tree_LA4lSpN35Uh8hqf2_71.json"},{"name":"tree_LA4lSpN35Uh8hqf2_72","fitness":0.7777777910232544,"weight":0.7054652571678162,"path":"tree_store/tree_LA4lSpN35Uh8hqf2_72.json"},{"name":"tree_LA4lSpN35Uh8hqf2_73","fitness":0.75,"weight":0.5957338213920593,"path":"tree_store/tree_LA4lSpN35Uh8hqf2_73.json"},{"name":"tree_LA4lSpN35Uh8hqf2_74","fitness":0.8214285969734192,"weight":0.8433347940444946,"path":"tree_store/tree_LA4lSpN35Uh8hqf2_74.json"},{"name":"tree_LA4lSpN35Uh8hqf2_75","fitness":0.75,"weight":0.5957338213920593,"path":"tree_store/tree_LA4lSpN35Uh8hqf2_75.json"},{"name":"tree_LA4lSpN35Uh8hqf2_76","fitness":0.75,"weight":0.5957338213920593,"path":"tree_store/tree_LA4lSpN35Uh8hqf2_76.json"},{"name":"tree_LA4lSpN35Uh8hqf2_77","fitness":0.7599999904632568,"weight":0.6366621851921082,"path":"tree_store/tree_LA4lSpN35Uh8hqf2_77.json"},{"name":"tree_LA4lSpN35Uh8hqf2_78","fitness":0.42105263471603396,"weight":0.0005098616238683462,"path":"tree_store/tree_LA4lSpN35Uh8hqf2_78.json"},{"name":"tree_LA4lSpN35Uh8hqf2_79","fitness":0.5714285969734192,"weight":0.04721034690737724,"path":"tree_store/tree_LA4lSpN35Uh8hqf2_79.json"},{"name":"tree_LA4lSpN35Uh8hqf2_80","fitness":0.75,"weight":0.5957338213920593,"path":"tree_store/tree_LA4lSpN35Uh8hqf2_80.json"},{"name":"tree_LA4lSpN35Uh8hqf2_81","fitness":0.8095238208770752,"weight":0.8107333183288574,"path":"tree_store/tree_LA4lSpN35Uh8hqf2_81.json"},{"name":"tree_LA4lSpN35Uh8hqf2_82","fitness":0.5882353186607361,"weight":0.06780960410833359,"path":"tree_store/tree_LA4lSpN35Uh8hqf2_82.json"},{"name":"tree_LA4lSpN35Uh8hqf2_83","fitness":0.6521739363670349,"weight":0.20992474257946015,"path":"tree_store/tree_LA4lSpN35Uh8hqf2_83.json"},{"name":"tree_LA4lSpN35Uh8hqf2_84","fitness":0.8260869383811951,"weight":0.8550202250480652,"path":"tree_store/tree_LA4lSpN35Uh8hqf2_84.json"},{"name":"tree_LA4lSpN35Uh8hqf2_85","fitness":0.6896551847457886,"weight":0.3428248167037964,"path":"tree_store/tree_LA4lSpN35Uh8hqf2_85.json"},{"name":"tree_LA4lSpN35Uh8hqf2_86","fitness":0.6875,"weight":0.33437061309814455,"path":"tree_store/tree_LA4lSpN35Uh8hqf2_86.json"},{"name":"tree_LA4lSpN35Uh8hqf2_87","fitness":0.625,"weight":0.13608646392822267,"path":"tree_store/tree_LA4lSpN35Uh8hqf2_87.json"},{"name":"tree_LA4lSpN35Uh8hqf2_88","fitness":0.8846153616905212,"weight":0.9540846347808838,"path":"tree_store/tree_LA4lSpN35Uh8hqf2_88.json"},{"name":"tree_LA4lSpN35Uh8hqf2_89","fitness":0.5769230723381043,"weight":0.05330627039074898,"path":"tree_store/tree_LA4lSpN35Uh8hqf2_89.json"},{"name":"tree_LA4lSpN35Uh8hqf2_91","fitness":0.7575757503509522,"weight":0.6268627643585205,"path":"tree_store/tree_LA4lSpN35Uh8hqf2_91.json"},{"name":"tree_LA4lSpN35Uh8hqf2_90","fitness":0.7307692170143127,"weight":0.5144008994102478,"path":"tree_store/tree_LA4lSpN35Uh8hqf2_90.json"},{"name":"tree_LA4lSpN35Uh8hqf2_92","fitness":0.8846153616905212,"weight":0.9540846347808838,"path":"tree_store/tree_LA4lSpN35Uh8hqf2_92.json"},{"name":"tree_LA4lSpN35Uh8hqf2_93","fitness":0.7916666865348816,"weight":0.7546253204345703,"path":"tree_store/tree_LA4lSpN35Uh8hqf2_93.json"},{"name":"tree_LA4lSpN35Uh8hqf2_94","fitness":0.6666666865348816,"weight":0.257434606552124,"path":"tree_store/tree_LA4lSpN35Uh8hqf2_94.json"},{"name":"tree_LA4lSpN35Uh8hqf2_95","fitness":0.692307710647583,"weight":0.3533385992050171,"path":"tree_store/tree_LA4lSpN35Uh8hqf2_95.json"},{"name":"tree_LA4lSpN35Uh8hqf2_96","fitness":0.6060606241226196,"weight":0.09660154581069946,"path":"tree_store/tree_LA4lSpN35Uh8hqf2_96.json"},{"name":"tree_LA4lSpN35Uh8hqf2_97","fitness":0.7777777910232544,"weight":0.7054652571678162,"path":"tree_store/tree_LA4lSpN35Uh8hqf2_97.json"},{"name":"tree_LA4lSpN35Uh8hqf2_98","fitness":0.7599999904632568,"weight":0.6366621851921082,"path":"tree_store/tree_LA4lSpN35Uh8hqf2_98.json"},{"name":"tree_LA4lSpN35Uh8hqf2_99","fitness":0.695652186870575,"weight":0.3667553663253784,"path":"tree_store/tree_LA4lSpN35Uh8hqf2_99.json"}]}