{"predicate":{"type":"Membership","name":"Gender","subset":["M"]},"left":{"predicate":{"type":">=","left":{"type":"ArithmeticVariable","name":"CandiNum"},"right":{"type":"ArithmeticConstant","value":2.001953125}},"left":{"predicate":{"type":">=","left":{"type":"ArithmeticVariable","name":"APM"},"right":{"type":"ArithmeticConstant","value":44.62265396118164}},"left":{"aggregate":[2.0,0.0]},"right":{"predicate":{"type":">=","left":{"type":"ArithmeticVariable","name":"CandiNum"},"right":{"type":"ArithmeticConstant","value":1.0087890625}},"left":{"aggregate":[12.0,48.0]},"right":{"aggregate":[22.0,25.0]}}},"right":{"predicate":{"type":">=","left":{"type":"ArithmeticVariable","name":"APM"},"right":{"type":"ArithmeticConstant","value":54.29249572753906}},"left":{"aggregate":[25.0,0.0]},"right":{"predicate":{"type":">=","left":{"type":"ArithmeticVariable","name":"IPM"},"right":{"type":"ArithmeticConstant","value":78.15262603759766}},"left":{"predicate":{"type":">=","left":{"type":"ArithmeticVariable","name":"APM"},"right":{"type":"ArithmeticConstant","value":79.8485107421875}},"left":{"predicate":{"type":"Membership","name":"Party","subset":["Berkarya","Demokrat","Garuda","Gerindra","Hanura","PAN","PBB","PKPI","PKS","PSI","Perindo"]},"left":{"predicate":{"type":">=","left":{"type":"ArithmeticVariable","name":"CandiNum"},"right":{"type":"ArithmeticConstant","value":5.0078125}},"left":{"aggregate":[17.0,17.0]},"right":{"aggregate":[28.0,4.0]}},"right":{"aggregate":[87.0,0.0]}},"right":{"aggregate":[0.0,1.0]}},"right":{"aggregate":[8.0,5.0]}}}},"right":{"predicate":{"type":">=","left":{"type":"ArithmeticVariable","name":"APM"},"right":{"type":"ArithmeticConstant","value":47.385467529296878}},"left":{"aggregate":[9.0,24.0]},"right":{"predicate":{"type":">=","left":{"type":"ArithmeticVariable","name":"Latitude"},"right":{"type":"ArithmeticConstant","value":-7.978672027587891}},"left":{"aggregate":[15.0,28.0]},"right":{"predicate":{"type":">=","left":{"type":"ArithmeticVariable","name":"CandiNum"},"right":{"type":"ArithmeticConstant","value":2.001953125}},"left":{"predicate":{"type":">=","left":{"type":"ArithmeticVariable","name":"Latitude"},"right":{"type":"ArithmeticConstant","value":-6.864130973815918}},"left":{"predicate":{"type":">=","left":{"type":"ArithmeticVariable","name":"APM"},"right":{"type":"ArithmeticConstant","value":59.18497848510742}},"left":{"aggregate":[10.0,30.0]},"right":{"predicate":{"type":"Membership","name":"Party","subset":["Berkarya","Demokrat","Gerindra","Golkar","NasDem","PAN","PDIP","PKB","PKPI","PKS","PSI","Perindo"]},"left":{"aggregate":[6.0,0.0]},"right":{"aggregate":[3.0,60.0]}}},"right":{"predicate":{"type":">=","left":{"type":"ArithmeticVariable","name":"IPM"},"right":{"type":"ArithmeticConstant","value":69.54585266113281}},"left":{"predicate":{"type":">=","left":{"type":"ArithmeticVariable","name":"IPM"},"right":{"type":"ArithmeticConstant","value":69.24385833740235}},"left":{"aggregate":[19.0,42.0]},"right":{"aggregate":[6.0,0.0]}},"right":{"predicate":{"type":">=","left":{"type":"ArithmeticVariable","name":"CandiNum"},"right":{"type":"ArithmeticConstant","value":1.0087890625}},"left":{"predicate":{"type":">=","left":{"type":"ArithmeticVariable","name":"Longitude"},"right":{"type":"ArithmeticConstant","value":119.90060424804688}},"left":{"predicate":{"type":">=","left":{"type":"ArithmeticVariable","name":"IPM"},"right":{"type":"ArithmeticConstant","value":70.75381469726563}},"left":{"predicate":{"type":">=","left":{"type":"ArithmeticVariable","name":"Longitude"},"right":{"type":"ArithmeticConstant","value":102.91118621826172}},"left":{"aggregate":[0.0,11.0]},"right":{"aggregate":[6.0,51.0]}},"right":{"predicate":{"type":"Membership","name":"Party","subset":["Garuda","Hanura","PBB","PKPI","PSI","Perindo"]},"left":{"aggregate":[5.0,59.0]},"right":{"aggregate":[8.0,0.0]}}},"right":{"aggregate":[2.0,1.0]}},"right":{"aggregate":[21.0,30.0]}}}},"right":{"predicate":{"type":">=","left":{"type":"ArithmeticVariable","name":"CandiNum"},"right":{"type":"ArithmeticConstant","value":5.0078125}},"left":{"predicate":{"type":">=","left":{"type":"ArithmeticVariable","name":"IPM"},"right":{"type":"ArithmeticConstant","value":70.552490234375}},"left":{"aggregate":[51.0,10.0]},"right":{"predicate":{"type":">=","left":{"type":"ArithmeticVariable","name":"Longitude"},"right":{"type":"ArithmeticConstant","value":116.5677490234375}},"left":{"predicate":{"type":">=","left":{"type":"ArithmeticVariable","name":"APM"},"right":{"type":"ArithmeticConstant","value":56.36460876464844}},"left":{"aggregate":[0.0,2.0]},"right":{"predicate":{"type":">=","left":{"type":"ArithmeticVariable","name":"Latitude"},"right":{"type":"ArithmeticConstant","value":-6.2174224853515629}},"left":{"aggregate":[32.0,9.0]},"right":{"aggregate":[17.0,13.0]}}},"right":{"aggregate":[0.0,3.0]}}},"right":{"predicate":{"type":"Membership","name":"Party","subset":["Demokrat","Garuda","Golkar","NasDem","PDIP","PKB","PKPI"]},"left":{"aggregate":[35.0,0.0]},"right":{"aggregate":[34.0,9.0]}}}}}}}