{"predicate":{"type":">=","left":{"type":"ArithmeticVariable","name":"Latitude"},"right":{"type":"ArithmeticConstant","value":-9.836240768432618}},"left":{"aggregate":[6.0,4.0]},"right":{"predicate":{"type":">=","left":{"type":"ArithmeticVariable","name":"CandiNum"},"right":{"type":"ArithmeticConstant","value":2.001953125}},"left":{"predicate":{"type":">=","left":{"type":"ArithmeticVariable","name":"Longitude"},"right":{"type":"ArithmeticConstant","value":109.57688903808594}},"left":{"predicate":{"type":">=","left":{"type":"ArithmeticVariable","name":"Latitude"},"right":{"type":"ArithmeticConstant","value":-6.588935852050781}},"left":{"predicate":{"type":">=","left":{"type":"ArithmeticVariable","name":"CandiNum"},"right":{"type":"ArithmeticConstant","value":1.0087890625}},"left":{"aggregate":[10.0,54.0]},"right":{"aggregate":[13.0,13.0]}},"right":{"predicate":{"type":">=","left":{"type":"ArithmeticVariable","name":"APM"},"right":{"type":"ArithmeticConstant","value":67.53097534179688}},"left":{"predicate":{"type":"Membership","name":"Party","subset":["Garuda","Hanura","PBB","PKPI","PSI","Perindo"]},"left":{"predicate":{"type":">=","left":{"type":"ArithmeticVariable","name":"APM"},"right":{"type":"ArithmeticConstant","value":61.71755599975586}},"left":{"aggregate":[8.0,53.0]},"right":{"aggregate":[3.0,51.0]}},"right":{"aggregate":[11.0,0.0]}},"right":{"aggregate":[5.0,45.0]}}},"right":{"predicate":{"type":"Membership","name":"Party","subset":["Berkarya","Garuda","Hanura","PBB","PKPI","PSI","Perindo"]},"left":{"predicate":{"type":">=","left":{"type":"ArithmeticVariable","name":"Longitude"},"right":{"type":"ArithmeticConstant","value":122.705078125}},"left":{"predicate":{"type":"Membership","name":"Party","subset":["Berkarya","Demokrat","Garuda","Gerindra","Golkar","Hanura","NasDem","PAN","PBB","PDIP","PKB","PKPI","PSI","Perindo"]},"left":{"aggregate":[12.0,19.0]},"right":{"predicate":{"type":"Membership","name":"Party","subset":["Berkarya","Garuda","Hanura","NasDem","PAN","PBB","PKB","PKPI","PKS","PPP","PSI","Perindo"]},"left":{"predicate":{"type":">=","left":{"type":"ArithmeticVariable","name":"Latitude"},"right":{"type":"ArithmeticConstant","value":-8.5565824508667}},"left":{"aggregate":[3.0,7.0]},"right":{"predicate":{"type":"Membership","name":"Party","subset":["Berkarya","Garuda","Gerindra","Golkar","Hanura","NasDem","PAN","PBB","PKB","PKPI","PKS","PPP","PSI","Perindo"]},"left":{"aggregate":[1.0,45.0]},"right":{"aggregate":[6.0,45.0]}}},"right":{"aggregate":[12.0,50.0]}}},"right":{"aggregate":[7.0,17.0]}},"right":{"aggregate":[37.0,0.0]}}},"right":{"predicate":{"type":"Membership","name":"Party","subset":["Berkarya","Demokrat","Garuda","Gerindra","Hanura","PAN","PBB","PKPI","PKS","PPP","PSI","Perindo"]},"left":{"predicate":{"type":">=","left":{"type":"ArithmeticVariable","name":"CandiNum"},"right":{"type":"ArithmeticConstant","value":5.0078125}},"left":{"predicate":{"type":"Membership","name":"Resident","subset":["Yes"]},"left":{"aggregate":[33.0,20.0]},"right":{"aggregate":[13.0,34.0]}},"right":{"aggregate":[38.0,13.0]}},"right":{"predicate":{"type":"Membership","name":"Gender","subset":["F"]},"left":{"predicate":{"type":">=","left":{"type":"ArithmeticVariable","name":"PPM"},"right":{"type":"ArithmeticConstant","value":18.47798728942871}},"left":{"predicate":{"type":">=","left":{"type":"ArithmeticVariable","name":"APM"},"right":{"type":"ArithmeticConstant","value":75.76185607910156}},"left":{"predicate":{"type":">=","left":{"type":"ArithmeticVariable","name":"Longitude"},"right":{"type":"ArithmeticConstant","value":96.57064056396485}},"left":{"aggregate":[0.0,1.0]},"right":{"predicate":{"type":">=","left":{"type":"ArithmeticVariable","name":"Longitude"},"right":{"type":"ArithmeticConstant","value":106.69113159179688}},"left":{"aggregate":[32.0,2.0]},"right":{"aggregate":[92.0,0.0]}}},"right":{"aggregate":[13.0,6.0]}},"right":{"aggregate":[0.0,2.0]}},"right":{"aggregate":[127.0,2.0]}}}}}