{"predicate":{"type":">=","left":{"type":"ArithmeticVariable","name":"CandiNum"},"right":{"type":"ArithmeticConstant","value":2.001953125}},"left":{"predicate":{"type":"Membership","name":"Resident","subset":["Yes"]},"left":{"predicate":{"type":"Membership","name":"Party","subset":["Berkarya","Garuda","Hanura","PBB","PKPI","PSI","Perindo"]},"left":{"predicate":{"type":"Membership","name":"Party","subset":["Berkarya","Garuda","Golkar","Hanura","PBB","PDIP","PKB","PKPI","PKS","PSI","Perindo"]},"left":{"predicate":{"type":">=","left":{"type":"ArithmeticVariable","name":"APM"},"right":{"type":"ArithmeticConstant","value":53.6017951965332}},"left":{"aggregate":[0.0,15.0]},"right":{"predicate":{"type":">=","left":{"type":"ArithmeticVariable","name":"Latitude"},"right":{"type":"ArithmeticConstant","value":-7.552119255065918}},"left":{"aggregate":[7.0,12.0]},"right":{"predicate":{"type":">=","left":{"type":"ArithmeticVariable","name":"CandiNum"},"right":{"type":"ArithmeticConstant","value":1.0087890625}},"left":{"predicate":{"type":">=","left":{"type":"ArithmeticVariable","name":"IPM"},"right":{"type":"ArithmeticConstant","value":79.68775177001953}},"left":{"aggregate":[1.0,61.0]},"right":{"aggregate":[1.0,2.0]}},"right":{"aggregate":[12.0,11.0]}}}},"right":{"predicate":{"type":">=","left":{"type":"ArithmeticVariable","name":"APM"},"right":{"type":"ArithmeticConstant","value":44.62265396118164}},"left":{"aggregate":[2.0,2.0]},"right":{"predicate":{"type":">=","left":{"type":"ArithmeticVariable","name":"CandiNum"},"right":{"type":"ArithmeticConstant","value":1.0087890625}},"left":{"aggregate":[3.0,112.0]},"right":{"aggregate":[6.0,26.0]}}}},"right":{"aggregate":[53.0,0.0]}},"right":{"predicate":{"type":"Membership","name":"Party","subset":["Demokrat","Gerindra","Golkar","NasDem","PAN","PDIP","PKB","PKPI","PKS","PPP"]},"left":{"aggregate":[19.0,0.0]},"right":{"predicate":{"type":"Membership","name":"Party","subset":["Berkarya","Garuda","Hanura","PAN","PBB","PKB","PKPI","PKS","PPP","PSI","Perindo"]},"left":{"predicate":{"type":">=","left":{"type":"ArithmeticVariable","name":"CandiNum"},"right":{"type":"ArithmeticConstant","value":1.0087890625}},"left":{"predicate":{"type":">=","left":{"type":"ArithmeticVariable","name":"IPM"},"right":{"type":"ArithmeticConstant","value":78.98310089111328}},"left":{"aggregate":[0.0,62.0]},"right":{"aggregate":[1.0,7.0]}},"right":{"aggregate":[8.0,31.0]}},"right":{"aggregate":[15.0,49.0]}}}},"right":{"predicate":{"type":">=","left":{"type":"ArithmeticVariable","name":"CandiNum"},"right":{"type":"ArithmeticConstant","value":5.0078125}},"left":{"predicate":{"type":"Membership","name":"Party","subset":["Golkar","NasDem","PDIP"]},"left":{"predicate":{"type":"Membership","name":"Resident","subset":["Yes"]},"left":{"predicate":{"type":">=","left":{"type":"ArithmeticVariable","name":"APM"},"right":{"type":"ArithmeticConstant","value":75.76185607910156}},"left":{"aggregate":[84.0,0.0]},"right":{"aggregate":[10.0,2.0]}},"right":{"predicate":{"type":">=","left":{"type":"ArithmeticVariable","name":"Longitude"},"right":{"type":"ArithmeticConstant","value":98.92802429199219}},"left":{"aggregate":[5.0,5.0]},"right":{"predicate":{"type":">=","left":{"type":"ArithmeticVariable","name":"PPM"},"right":{"type":"ArithmeticConstant","value":13.442519187927246}},"left":{"predicate":{"type":">=","left":{"type":"ArithmeticVariable","name":"APM"},"right":{"type":"ArithmeticConstant","value":69.7757568359375}},"left":{"aggregate":[47.0,2.0]},"right":{"aggregate":[13.0,4.0]}},"right":{"aggregate":[7.0,4.0]}}}},"right":{"predicate":{"type":">=","left":{"type":"ArithmeticVariable","name":"Latitude"},"right":{"type":"ArithmeticConstant","value":3.0979394912719728}},"left":{"predicate":{"type":">=","left":{"type":"ArithmeticVariable","name":"PPM"},"right":{"type":"ArithmeticConstant","value":13.9993257522583}},"left":{"predicate":{"type":">=","left":{"type":"ArithmeticVariable","name":"PPM"},"right":{"type":"ArithmeticConstant","value":11.602636337280274}},"left":{"aggregate":[14.0,43.0]},"right":{"aggregate":[8.0,9.0]}},"right":{"aggregate":[10.0,2.0]}},"right":{"aggregate":[5.0,0.0]}}},"right":{"predicate":{"type":"Membership","name":"Party","subset":["Berkarya","Garuda","Gerindra","Hanura","PAN","PBB","PKPI","PKS","PPP","PSI","Perindo"]},"left":{"predicate":{"type":">=","left":{"type":"ArithmeticVariable","name":"Latitude"},"right":{"type":"ArithmeticConstant","value":-2.8737993240356447}},"left":{"predicate":{"type":"Membership","name":"Resident","subset":["Yes"]},"left":{"aggregate":[34.0,4.0]},"right":{"aggregate":[20.0,14.0]}},"right":{"aggregate":[16.0,1.0]}},"right":{"aggregate":[100.0,0.0]}}}}