{"predicate":{"type":"Membership","name":"Party","subset":["Demokrat","Gerindra","Golkar","NasDem","PAN","PDIP","PKB","PKS","PPP"]},"left":{"aggregate":[193.0,0.0]},"right":{"predicate":{"type":"Membership","name":"Party","subset":["Berkarya","Demokrat","Garuda","Gerindra","Golkar","Hanura","NasDem","PBB","PDIP","PKB","PKPI","PKS","PSI","Perindo"]},"left":{"predicate":{"type":">=","left":{"type":"ArithmeticVariable","name":"Latitude"},"right":{"type":"ArithmeticConstant","value":-6.864130973815918}},"left":{"aggregate":[40.0,14.0]},"right":{"predicate":{"type":"Membership","name":"Gender","subset":["F"]},"left":{"aggregate":[25.0,31.0]},"right":{"aggregate":[13.0,6.0]}}},"right":{"predicate":{"type":">=","left":{"type":"ArithmeticVariable","name":"CandiNum"},"right":{"type":"ArithmeticConstant","value":2.001953125}},"left":{"predicate":{"type":"Membership","name":"Party","subset":["Berkarya","Garuda","Hanura","NasDem","PAN","PBB","PDIP","PKPI","PKS","PPP","PSI","Perindo"]},"left":{"predicate":{"type":"Membership","name":"Resident","subset":["Yes"]},"left":{"predicate":{"type":">=","left":{"type":"ArithmeticVariable","name":"CandiNum"},"right":{"type":"ArithmeticConstant","value":1.0087890625}},"left":{"predicate":{"type":">=","left":{"type":"ArithmeticVariable","name":"IPM"},"right":{"type":"ArithmeticConstant","value":75.48503112792969}},"left":{"predicate":{"type":">=","left":{"type":"ArithmeticVariable","name":"Latitude"},"right":{"type":"ArithmeticConstant","value":-6.932929992675781}},"left":{"aggregate":[2.0,36.0]},"right":{"aggregate":[1.0,67.0]}},"right":{"aggregate":[2.0,10.0]}},"right":{"aggregate":[7.0,18.0]}},"right":{"predicate":{"type":">=","left":{"type":"ArithmeticVariable","name":"IPM"},"right":{"type":"ArithmeticConstant","value":69.7723388671875}},"left":{"aggregate":[3.0,17.0]},"right":{"aggregate":[0.0,58.0]}}},"right":{"predicate":{"type":">=","left":{"type":"ArithmeticVariable","name":"Latitude"},"right":{"type":"ArithmeticConstant","value":-7.276924133300781}},"left":{"aggregate":[1.0,40.0]},"right":{"predicate":{"type":">=","left":{"type":"ArithmeticVariable","name":"Latitude"},"right":{"type":"ArithmeticConstant","value":0.07079029083251953}},"left":{"predicate":{"type":">=","left":{"type":"ArithmeticVariable","name":"CandiNum"},"right":{"type":"ArithmeticConstant","value":1.0087890625}},"left":{"predicate":{"type":">=","left":{"type":"ArithmeticVariable","name":"Latitude"},"right":{"type":"ArithmeticConstant","value":-0.12184619903564453}},"left":{"predicate":{"type":">=","left":{"type":"ArithmeticVariable","name":"PPM"},"right":{"type":"ArithmeticConstant","value":12.377324104309082}},"left":{"aggregate":[7.0,49.0]},"right":{"aggregate":[0.0,14.0]}},"right":{"aggregate":[1.0,0.0]}},"right":{"aggregate":[11.0,18.0]}},"right":{"aggregate":[1.0,21.0]}}}},"right":{"predicate":{"type":"Membership","name":"Resident","subset":["Yes"]},"left":{"predicate":{"type":">=","left":{"type":"ArithmeticVariable","name":"CandiNum"},"right":{"type":"ArithmeticConstant","value":5.0078125}},"left":{"predicate":{"type":">=","left":{"type":"ArithmeticVariable","name":"IPM"},"right":{"type":"ArithmeticConstant","value":75.48503112792969}},"left":{"aggregate":[47.0,14.0]},"right":{"aggregate":[1.0,6.0]}},"right":{"aggregate":[36.0,3.0]}},"right":{"predicate":{"type":">=","left":{"type":"ArithmeticVariable","name":"Longitude"},"right":{"type":"ArithmeticConstant","value":108.11368560791016}},"left":{"aggregate":[46.0,17.0]},"right":{"predicate":{"type":"Membership","name":"Party","subset":["Berkarya","Demokrat","Garuda","Golkar","Hanura","NasDem","PAN","PBB","PDIP","PKB","PKPI","PPP","PSI","Perindo"]},"left":{"aggregate":[12.0,1.0]},"right":{"aggregate":[19.0,40.0]}}}}}}}