{"predicate":{"type":">=","left":{"type":"ArithmeticVariable","name":"CandiNum"},"right":{"type":"ArithmeticConstant","value":1.0087890625}},"left":{"predicate":{"type":">=","left":{"type":"ArithmeticVariable","name":"PPM"},"right":{"type":"ArithmeticConstant","value":15.693954467773438}},"left":{"predicate":{"type":"Membership","name":"Party","subset":["Berkarya","Garuda","Hanura","PBB","PKPI","PSI","Perindo"]},"left":{"predicate":{"type":">=","left":{"type":"ArithmeticVariable","name":"IPM"},"right":{"type":"ArithmeticConstant","value":69.87300872802735}},"left":{"aggregate":[1.0,94.0]},"right":{"predicate":{"type":"Membership","name":"Party","subset":["Berkarya","Garuda","Gerindra","Hanura","NasDem","PAN","PBB","PDIP","PKPI","PPP","PSI","Perindo"]},"left":{"predicate":{"type":">=","left":{"type":"ArithmeticVariable","name":"IPM"},"right":{"type":"ArithmeticConstant","value":81.27320861816406}},"left":{"predicate":{"type":">=","left":{"type":"ArithmeticVariable","name":"PPM"},"right":{"type":"ArithmeticConstant","value":6.639794826507568}},"left":{"aggregate":[5.0,20.0]},"right":{"aggregate":[1.0,74.0]}},"right":{"aggregate":[2.0,3.0]}},"right":{"predicate":{"type":"Membership","name":"Party","subset":["Berkarya","Demokrat","Garuda","Gerindra","Golkar","Hanura","NasDem","PAN","PBB","PDIP","PKB","PKPI","PKS","PSI","Perindo"]},"left":{"aggregate":[3.0,8.0]},"right":{"aggregate":[0.0,85.0]}}}},"right":{"aggregate":[27.0,0.0]}},"right":{"aggregate":[11.0,26.0]}},"right":{"predicate":{"type":">=","left":{"type":"ArithmeticVariable","name":"CandiNum"},"right":{"type":"ArithmeticConstant","value":2.001953125}},"left":{"predicate":{"type":">=","left":{"type":"ArithmeticVariable","name":"PPM"},"right":{"type":"ArithmeticConstant","value":8.140751838684082}},"left":{"aggregate":[40.0,24.0]},"right":{"predicate":{"type":"Membership","name":"Resident","subset":["No"]},"left":{"aggregate":[11.0,29.0]},"right":{"predicate":{"type":"Membership","name":"Party","subset":["Berkarya","Garuda","Hanura","PBB","PKPI","PPP","PSI","Perindo"]},"left":{"aggregate":[12.0,36.0]},"right":{"aggregate":[22.0,1.0]}}}},"right":{"predicate":{"type":">=","left":{"type":"ArithmeticVariable","name":"CandiNum"},"right":{"type":"ArithmeticConstant","value":5.0078125}},"left":{"predicate":{"type":"Membership","name":"Resident","subset":["No"]},"left":{"predicate":{"type":">=","left":{"type":"ArithmeticVariable","name":"APM"},"right":{"type":"ArithmeticConstant","value":80.48165893554688}},"left":{"predicate":{"type":"Membership","name":"Party","subset":["Berkarya","Demokrat","Garuda","Gerindra","Hanura","PAN","PBB","PKPI","PKS","PPP","PSI","Perindo"]},"left":{"aggregate":[18.0,36.0]},"right":{"predicate":{"type":">=","left":{"type":"ArithmeticVariable","name":"IPM"},"right":{"type":"ArithmeticConstant","value":74.73004913330078}},"left":{"aggregate":[51.0,4.0]},"right":{"aggregate":[8.0,5.0]}}},"right":{"aggregate":[9.0,0.0]}},"right":{"predicate":{"type":">=","left":{"type":"ArithmeticVariable","name":"Longitude"},"right":{"type":"ArithmeticConstant","value":132.7442626953125}},"left":{"predicate":{"type":">=","left":{"type":"ArithmeticVariable","name":"IPM"},"right":{"type":"ArithmeticConstant","value":70.98030853271485}},"left":{"predicate":{"type":"Membership","name":"Party","subset":["Garuda","Golkar","NasDem","PDIP","PKPI"]},"left":{"aggregate":[57.0,0.0]},"right":{"aggregate":[22.0,10.0]}},"right":{"aggregate":[46.0,13.0]}},"right":{"aggregate":[0.0,1.0]}}},"right":{"predicate":{"type":"Membership","name":"Party","subset":["Demokrat","Garuda","Golkar","NasDem","PDIP","PKB","PKPI"]},"left":{"aggregate":[98.0,0.0]},"right":{"predicate":{"type":">=","left":{"type":"ArithmeticVariable","name":"Longitude"},"right":{"type":"ArithmeticConstant","value":119.90060424804688}},"left":{"predicate":{"type":">=","left":{"type":"ArithmeticVariable","name":"PPM"},"right":{"type":"ArithmeticConstant","value":8.649140357971192}},"left":{"aggregate":[29.0,2.0]},"right":{"aggregate":[44.0,12.0]}},"right":{"aggregate":[2.0,4.0]}}}}}}