{"predicate":{"type":">=","left":{"type":"ArithmeticVariable","name":"CandiNum"},"right":{"type":"ArithmeticConstant","value":2.001953125}},"left":{"predicate":{"type":">=","left":{"type":"ArithmeticVariable","name":"CandiNum"},"right":{"type":"ArithmeticConstant","value":1.0087890625}},"left":{"predicate":{"type":">=","left":{"type":"ArithmeticVariable","name":"Latitude"},"right":{"type":"ArithmeticConstant","value":0.08455085754394531}},"left":{"predicate":{"type":"Membership","name":"Party","subset":["Demokrat","Gerindra","Golkar","NasDem","PAN","PDIP","PKB","PKS","PPP"]},"left":{"aggregate":[31.0,0.0]},"right":{"predicate":{"type":">=","left":{"type":"ArithmeticVariable","name":"IPM"},"right":{"type":"ArithmeticConstant","value":67.10474395751953}},"left":{"aggregate":[8.0,32.0]},"right":{"predicate":{"type":"Membership","name":"Party","subset":["Berkarya","Demokrat","Garuda","Gerindra","Golkar","Hanura","PAN","PBB","PDIP","PKB","PKPI","PPP","PSI","Perindo"]},"left":{"aggregate":[6.0,42.0]},"right":{"aggregate":[5.0,201.0]}}}},"right":{"aggregate":[13.0,34.0]}},"right":{"predicate":{"type":"Membership","name":"Resident","subset":["Yes"]},"left":{"predicate":{"type":"Membership","name":"Party","subset":["Gerindra","PDIP","Perindo"]},"left":{"aggregate":[45.0,18.0]},"right":{"aggregate":[2.0,23.0]}},"right":{"predicate":{"type":">=","left":{"type":"ArithmeticVariable","name":"APM"},"right":{"type":"ArithmeticConstant","value":34.434783935546878}},"left":{"aggregate":[0.0,3.0]},"right":{"aggregate":[20.0,44.0]}}}},"right":{"predicate":{"type":"Membership","name":"Resident","subset":["No"]},"left":{"predicate":{"type":"Membership","name":"Party","subset":["Demokrat","Golkar","NasDem","PDIP","PKB"]},"left":{"predicate":{"type":">=","left":{"type":"ArithmeticVariable","name":"Latitude"},"right":{"type":"ArithmeticConstant","value":1.1715717315673829}},"left":{"predicate":{"type":">=","left":{"type":"ArithmeticVariable","name":"IPM"},"right":{"type":"ArithmeticConstant","value":73.0439224243164}},"left":{"aggregate":[68.0,1.0]},"right":{"aggregate":[22.0,3.0]}},"right":{"aggregate":[7.0,3.0]}},"right":{"predicate":{"type":">=","left":{"type":"ArithmeticVariable","name":"Longitude"},"right":{"type":"ArithmeticConstant","value":109.86140441894531}},"left":{"aggregate":[24.0,15.0]},"right":{"aggregate":[18.0,32.0]}}},"right":{"predicate":{"type":">=","left":{"type":"ArithmeticVariable","name":"APM"},"right":{"type":"ArithmeticConstant","value":70.17866516113281}},"left":{"predicate":{"type":">=","left":{"type":"ArithmeticVariable","name":"Latitude"},"right":{"type":"ArithmeticConstant","value":-2.5986037254333498}},"left":{"predicate":{"type":">=","left":{"type":"ArithmeticVariable","name":"Latitude"},"right":{"type":"ArithmeticConstant","value":-4.538730621337891}},"left":{"predicate":{"type":">=","left":{"type":"ArithmeticVariable","name":"Longitude"},"right":{"type":"ArithmeticConstant","value":108.23562622070313}},"left":{"aggregate":[37.0,1.0]},"right":{"predicate":{"type":">=","left":{"type":"ArithmeticVariable","name":"PPM"},"right":{"type":"ArithmeticConstant","value":13.15201187133789}},"left":{"aggregate":[55.0,9.0]},"right":{"aggregate":[13.0,0.0]}}},"right":{"aggregate":[7.0,6.0]}},"right":{"aggregate":[28.0,1.0]}},"right":{"aggregate":[38.0,11.0]}}}}