{"predicate":{"type":"Membership","name":"Gender","subset":["M"]},"left":{"predicate":{"type":">=","left":{"type":"ArithmeticVariable","name":"CandiNum"},"right":{"type":"ArithmeticConstant","value":2.001953125}},"left":{"predicate":{"type":"Membership","name":"Party","subset":["Demokrat","Gerindra","Golkar","NasDem","PAN","PDIP","PKB","PKS","PPP","Perindo"]},"left":{"aggregate":[15.0,0.0]},"right":{"predicate":{"type":"Membership","name":"Party","subset":["Berkarya","Demokrat","Garuda","Gerindra","Golkar","Hanura","PBB","PDIP","PKB","PKPI","PKS","PPP","PSI","Perindo"]},"left":{"aggregate":[8.0,9.0]},"right":{"predicate":{"type":">=","left":{"type":"ArithmeticVariable","name":"Latitude"},"right":{"type":"ArithmeticConstant","value":-3.644346237182617}},"left":{"aggregate":[1.0,50.0]},"right":{"aggregate":[5.0,9.0]}}}},"right":{"predicate":{"type":">=","left":{"type":"ArithmeticVariable","name":"CandiNum"},"right":{"type":"ArithmeticConstant","value":7.0029296875}},"left":{"predicate":{"type":">=","left":{"type":"ArithmeticVariable","name":"APM"},"right":{"type":"ArithmeticConstant","value":54.810523986816409}},"left":{"aggregate":[30.0,1.0]},"right":{"predicate":{"type":">=","left":{"type":"ArithmeticVariable","name":"PPM"},"right":{"type":"ArithmeticConstant","value":3.444209098815918}},"left":{"aggregate":[0.0,1.0]},"right":{"predicate":{"type":"Membership","name":"Party","subset":["Golkar","NasDem","PDIP","PKPI"]},"left":{"aggregate":[100.0,2.0]},"right":{"aggregate":[23.0,20.0]}}}},"right":{"aggregate":[21.0,0.0]}}},"right":{"predicate":{"type":"Membership","name":"Party","subset":["Demokrat","Gerindra","Golkar","NasDem","PAN","PDIP","PKB","PKS","PPP"]},"left":{"aggregate":[100.0,0.0]},"right":{"predicate":{"type":">=","left":{"type":"ArithmeticVariable","name":"CandiNum"},"right":{"type":"ArithmeticConstant","value":2.001953125}},"left":{"predicate":{"type":">=","left":{"type":"ArithmeticVariable","name":"CandiNum"},"right":{"type":"ArithmeticConstant","value":1.0087890625}},"left":{"predicate":{"type":">=","left":{"type":"ArithmeticVariable","name":"Longitude"},"right":{"type":"ArithmeticConstant","value":102.91118621826172}},"left":{"aggregate":[2.0,42.0]},"right":{"predicate":{"type":">=","left":{"type":"ArithmeticVariable","name":"APM"},"right":{"type":"ArithmeticConstant","value":54.810523986816409}},"left":{"aggregate":[0.0,47.0]},"right":{"predicate":{"type":">=","left":{"type":"ArithmeticVariable","name":"IPM"},"right":{"type":"ArithmeticConstant","value":74.50355529785156}},"left":{"predicate":{"type":"Membership","name":"Party","subset":["Berkarya","Garuda","Gerindra","Golkar","Hanura","NasDem","PBB","PDIP","PKPI","PSI","Perindo"]},"left":{"predicate":{"type":">=","left":{"type":"ArithmeticVariable","name":"Latitude"},"right":{"type":"ArithmeticConstant","value":0.08455085754394531}},"left":{"aggregate":[8.0,55.0]},"right":{"aggregate":[5.0,2.0]}},"right":{"predicate":{"type":">=","left":{"type":"ArithmeticVariable","name":"APM"},"right":{"type":"ArithmeticConstant","value":62.86872863769531}},"left":{"aggregate":[3.0,32.0]},"right":{"aggregate":[0.0,43.0]}}},"right":{"aggregate":[1.0,40.0]}}}},"right":{"predicate":{"type":">=","left":{"type":"ArithmeticVariable","name":"PPM"},"right":{"type":"ArithmeticConstant","value":12.35311508178711}},"left":{"aggregate":[13.0,49.0]},"right":{"aggregate":[9.0,14.0]}}},"right":{"predicate":{"type":">=","left":{"type":"ArithmeticVariable","name":"CandiNum"},"right":{"type":"ArithmeticConstant","value":5.0078125}},"left":{"predicate":{"type":">=","left":{"type":"ArithmeticVariable","name":"Latitude"},"right":{"type":"ArithmeticConstant","value":0.08455085754394531}},"left":{"predicate":{"type":">=","left":{"type":"ArithmeticVariable","name":"APM"},"right":{"type":"ArithmeticConstant","value":71.79031372070313}},"left":{"predicate":{"type":"Membership","name":"Party","subset":["Berkarya","Garuda","Golkar","Hanura","NasDem","PBB","PDIP","PKB","PKPI","PSI","Perindo"]},"left":{"aggregate":[31.0,2.0]},"right":{"aggregate":[30.0,24.0]}},"right":{"aggregate":[7.0,10.0]}},"right":{"aggregate":[2.0,6.0]}},"right":{"aggregate":[47.0,12.0]}}}}}