{"predicate":{"type":">=","left":{"type":"ArithmeticVariable","name":"CandiNum"},"right":{"type":"ArithmeticConstant","value":2.001953125}},"left":{"predicate":{"type":"Membership","name":"Party","subset":["Berkarya","Garuda","Hanura","PBB","PKPI","PSI","Perindo"]},"left":{"predicate":{"type":">=","left":{"type":"ArithmeticVariable","name":"CandiNum"},"right":{"type":"ArithmeticConstant","value":1.0087890625}},"left":{"predicate":{"type":">=","left":{"type":"ArithmeticVariable","name":"Longitude"},"right":{"type":"ArithmeticConstant","value":116.5677490234375}},"left":{"predicate":{"type":">=","left":{"type":"ArithmeticVariable","name":"Longitude"},"right":{"type":"ArithmeticConstant","value":107.54466247558594}},"left":{"predicate":{"type":">=","left":{"type":"ArithmeticVariable","name":"Latitude"},"right":{"type":"ArithmeticConstant","value":-2.392207145690918}},"left":{"predicate":{"type":">=","left":{"type":"ArithmeticVariable","name":"Latitude"},"right":{"type":"ArithmeticConstant","value":-2.8737993240356447}},"left":{"aggregate":[1.0,77.0]},"right":{"aggregate":[1.0,2.0]}},"right":{"aggregate":[2.0,46.0]}},"right":{"predicate":{"type":"Membership","name":"Gender","subset":["M"]},"left":{"aggregate":[0.0,23.0]},"right":{"predicate":{"type":">=","left":{"type":"ArithmeticVariable","name":"PPM"},"right":{"type":"ArithmeticConstant","value":12.54678726196289}},"left":{"predicate":{"type":">=","left":{"type":"ArithmeticVariable","name":"Latitude"},"right":{"type":"ArithmeticConstant","value":-3.1627540588378908}},"left":{"predicate":{"type":">=","left":{"type":"ArithmeticVariable","name":"PPM"},"right":{"type":"ArithmeticConstant","value":11.602636337280274}},"left":{"predicate":{"type":"Membership","name":"Party","subset":["Berkarya","Demokrat","Garuda","Gerindra","Hanura","PBB","PDIP","PKB","PKPI","PPP","PSI","Perindo"]},"left":{"aggregate":[5.0,26.0]},"right":{"aggregate":[0.0,45.0]}},"right":{"aggregate":[0.0,10.0]}},"right":{"aggregate":[4.0,13.0]}},"right":{"aggregate":[4.0,18.0]}}}},"right":{"aggregate":[7.0,43.0]}},"right":{"predicate":{"type":"Membership","name":"Party","subset":["Berkarya","Garuda","Hanura","NasDem","PBB","PKB","PKPI","PKS","PPP","PSI","Perindo"]},"left":{"predicate":{"type":">=","left":{"type":"ArithmeticVariable","name":"APM"},"right":{"type":"ArithmeticConstant","value":56.36460876464844}},"left":{"aggregate":[6.0,6.0]},"right":{"aggregate":[4.0,57.0]}},"right":{"aggregate":[17.0,24.0]}}},"right":{"aggregate":[87.0,0.0]}},"right":{"predicate":{"type":"Membership","name":"Gender","subset":["M"]},"left":{"predicate":{"type":">=","left":{"type":"ArithmeticVariable","name":"Longitude"},"right":{"type":"ArithmeticConstant","value":119.8193130493164}},"left":{"predicate":{"type":">=","left":{"type":"ArithmeticVariable","name":"IPM"},"right":{"type":"ArithmeticConstant","value":78.15262603759766}},"left":{"predicate":{"type":"Membership","name":"Party","subset":["Berkarya","Demokrat","Garuda","Gerindra","Hanura","PAN","PBB","PKPI","PKS","PSI","Perindo"]},"left":{"predicate":{"type":">=","left":{"type":"ArithmeticVariable","name":"IPM"},"right":{"type":"ArithmeticConstant","value":74.35255432128906}},"left":{"aggregate":[45.0,14.0]},"right":{"aggregate":[12.0,0.0]}},"right":{"aggregate":[92.0,0.0]}},"right":{"aggregate":[16.0,5.0]}},"right":{"aggregate":[17.0,6.0]}},"right":{"predicate":{"type":">=","left":{"type":"ArithmeticVariable","name":"PPM"},"right":{"type":"ArithmeticConstant","value":10.63427734375}},"left":{"predicate":{"type":"Membership","name":"Resident","subset":["Yes"]},"left":{"predicate":{"type":"Membership","name":"Party","subset":["Garuda","Gerindra","Golkar","NasDem","PDIP","PKPI"]},"left":{"aggregate":[37.0,0.0]},"right":{"aggregate":[17.0,11.0]}},"right":{"predicate":{"type":">=","left":{"type":"ArithmeticVariable","name":"Latitude"},"right":{"type":"ArithmeticConstant","value":-7.607158660888672}},"left":{"aggregate":[3.0,7.0]},"right":{"predicate":{"type":">=","left":{"type":"ArithmeticVariable","name":"CandiNum"},"right":{"type":"ArithmeticConstant","value":4.005859375}},"left":{"aggregate":[16.0,13.0]},"right":{"aggregate":[32.0,7.0]}}}},"right":{"predicate":{"type":"Membership","name":"Party","subset":["Demokrat","Golkar","NasDem","PAN","PDIP","PKB","PKPI","PKS"]},"left":{"aggregate":[43.0,0.0]},"right":{"predicate":{"type":"Membership","name":"Resident","subset":["No"]},"left":{"aggregate":[18.0,11.0]},"right":{"aggregate":[35.0,5.0]}}}}}}