{"predicate":{"type":">=","left":{"type":"ArithmeticVariable","name":"IPM"},"right":{"type":"ArithmeticConstant","value":74.50355529785156}},"left":{"predicate":{"type":">=","left":{"type":"ArithmeticVariable","name":"CandiNum"},"right":{"type":"ArithmeticConstant","value":1.0087890625}},"left":{"predicate":{"type":">=","left":{"type":"ArithmeticVariable","name":"Latitude"},"right":{"type":"ArithmeticConstant","value":-7.978672027587891}},"left":{"aggregate":[1.0,24.0]},"right":{"predicate":{"type":">=","left":{"type":"ArithmeticVariable","name":"IPM"},"right":{"type":"ArithmeticConstant","value":65.74578094482422}},"left":{"aggregate":[10.0,15.0]},"right":{"predicate":{"type":"Membership","name":"Party","subset":["Berkarya","Garuda","Hanura","PBB","PKPI","PSI","Perindo"]},"left":{"predicate":{"type":">=","left":{"type":"ArithmeticVariable","name":"IPM"},"right":{"type":"ArithmeticConstant","value":73.0439224243164}},"left":{"predicate":{"type":"Membership","name":"Party","subset":["Berkarya","Demokrat","Garuda","Gerindra","Golkar","Hanura","PAN","PBB","PDIP","PKB","PKPI","PKS","PSI","Perindo"]},"left":{"aggregate":[7.0,24.0]},"right":{"predicate":{"type":"Membership","name":"Party","subset":["Berkarya","Garuda","Hanura","NasDem","PBB","PKB","PKPI","PPP","PSI","Perindo"]},"left":{"aggregate":[1.0,148.0]},"right":{"aggregate":[4.0,27.0]}}},"right":{"aggregate":[3.0,18.0]}},"right":{"aggregate":[26.0,0.0]}}}},"right":{"predicate":{"type":">=","left":{"type":"ArithmeticVariable","name":"Longitude"},"right":{"type":"ArithmeticConstant","value":109.86140441894531}},"left":{"predicate":{"type":"Membership","name":"Gender","subset":["F"]},"left":{"predicate":{"type":">=","left":{"type":"ArithmeticVariable","name":"CandiNum"},"right":{"type":"ArithmeticConstant","value":2.001953125}},"left":{"aggregate":[16.0,31.0]},"right":{"predicate":{"type":">=","left":{"type":"ArithmeticVariable","name":"IPM"},"right":{"type":"ArithmeticConstant","value":67.55773162841797}},"left":{"aggregate":[1.0,2.0]},"right":{"predicate":{"type":">=","left":{"type":"ArithmeticVariable","name":"CandiNum"},"right":{"type":"ArithmeticConstant","value":5.0078125}},"left":{"aggregate":[41.0,11.0]},"right":{"aggregate":[36.0,1.0]}}}},"right":{"predicate":{"type":"Membership","name":"Party","subset":["Demokrat","Gerindra","Golkar","NasDem","PAN","PDIP","PPP"]},"left":{"aggregate":[51.0,0.0]},"right":{"aggregate":[36.0,13.0]}}},"right":{"predicate":{"type":"Membership","name":"Party","subset":["Demokrat","Gerindra","Golkar","NasDem","PAN","PDIP","PKB","PKPI"]},"left":{"predicate":{"type":"Membership","name":"Party","subset":["Demokrat","Gerindra","Golkar","NasDem","PAN","PDIP","PKB","PKPI","PPP"]},"left":{"aggregate":[71.0,0.0]},"right":{"aggregate":[7.0,1.0]}},"right":{"predicate":{"type":">=","left":{"type":"ArithmeticVariable","name":"PPM"},"right":{"type":"ArithmeticConstant","value":4.775703430175781}},"left":{"aggregate":[0.0,4.0]},"right":{"predicate":{"type":"Membership","name":"Resident","subset":["Yes"]},"left":{"aggregate":[36.0,26.0]},"right":{"aggregate":[16.0,36.0]}}}}}},"right":{"predicate":{"type":">=","left":{"type":"ArithmeticVariable","name":"CandiNum"},"right":{"type":"ArithmeticConstant","value":2.001953125}},"left":{"predicate":{"type":"Membership","name":"Party","subset":["Demokrat","Garuda","Gerindra","Golkar","NasDem","PAN","PDIP","PKB","PKS","Perindo"]},"left":{"aggregate":[8.0,1.0]},"right":{"predicate":{"type":"Membership","name":"Resident","subset":["No"]},"left":{"aggregate":[2.0,38.0]},"right":{"aggregate":[9.0,33.0]}}},"right":{"predicate":{"type":"Membership","name":"Party","subset":["Berkarya","Garuda","Hanura","PAN","PBB","PKPI","PPP","PSI","Perindo"]},"left":{"aggregate":[45.0,18.0]},"right":{"aggregate":[41.0,0.0]}}}}