{"predicate":{"type":"Membership","name":"Party","subset":["Demokrat","Gerindra","Golkar","NasDem","PAN","PDIP","PKB","PKS","PPP"]},"left":{"aggregate":[191.0,0.0]},"right":{"predicate":{"type":">=","left":{"type":"ArithmeticVariable","name":"IPM"},"right":{"type":"ArithmeticConstant","value":77.77513122558594}},"left":{"predicate":{"type":"Membership","name":"Party","subset":["Berkarya","Demokrat","Garuda","Golkar","Hanura","NasDem","PAN","PBB","PKB","PKPI","PKS","PPP","PSI","Perindo"]},"left":{"predicate":{"type":">=","left":{"type":"ArithmeticVariable","name":"IPM"},"right":{"type":"ArithmeticConstant","value":73.01876068115235}},"left":{"predicate":{"type":"Membership","name":"Gender","subset":["F"]},"left":{"predicate":{"type":">=","left":{"type":"ArithmeticVariable","name":"CandiNum"},"right":{"type":"ArithmeticConstant","value":2.001953125}},"left":{"predicate":{"type":">=","left":{"type":"ArithmeticVariable","name":"Longitude"},"right":{"type":"ArithmeticConstant","value":111.20267486572266}},"left":{"aggregate":[3.0,49.0]},"right":{"aggregate":[0.0,31.0]}},"right":{"aggregate":[23.0,10.0]}},"right":{"aggregate":[14.0,21.0]}},"right":{"aggregate":[7.0,42.0]}},"right":{"predicate":{"type":"Membership","name":"Party","subset":["Berkarya","Demokrat","Garuda","Gerindra","Golkar","Hanura","NasDem","PBB","PDIP","PKB","PKPI","PSI","Perindo"]},"left":{"predicate":{"type":"Membership","name":"Party","subset":["Berkarya","Demokrat","Garuda","Gerindra","Golkar","Hanura","NasDem","PBB","PDIP","PKB","PKPI","PPP","PSI","Perindo"]},"left":{"predicate":{"type":">=","left":{"type":"ArithmeticVariable","name":"CandiNum"},"right":{"type":"ArithmeticConstant","value":2.001953125}},"left":{"predicate":{"type":">=","left":{"type":"ArithmeticVariable","name":"Longitude"},"right":{"type":"ArithmeticConstant","value":107.54466247558594}},"left":{"aggregate":[4.0,32.0]},"right":{"aggregate":[14.0,25.0]}},"right":{"aggregate":[47.0,3.0]}},"right":{"aggregate":[36.0,17.0]}},"right":{"predicate":{"type":"Membership","name":"Gender","subset":["F"]},"left":{"predicate":{"type":"Membership","name":"Party","subset":["Berkarya","Demokrat","Garuda","Gerindra","Golkar","Hanura","PAN","PBB","PDIP","PKPI","PKS","PPP","PSI","Perindo"]},"left":{"predicate":{"type":">=","left":{"type":"ArithmeticVariable","name":"CandiNum"},"right":{"type":"ArithmeticConstant","value":1.0087890625}},"left":{"aggregate":[6.0,49.0]},"right":{"aggregate":[37.0,20.0]}},"right":{"predicate":{"type":">=","left":{"type":"ArithmeticVariable","name":"PPM"},"right":{"type":"ArithmeticConstant","value":12.35311508178711}},"left":{"predicate":{"type":">=","left":{"type":"ArithmeticVariable","name":"CandiNum"},"right":{"type":"ArithmeticConstant","value":1.0087890625}},"left":{"aggregate":[0.0,45.0]},"right":{"aggregate":[30.0,18.0]}},"right":{"aggregate":[4.0,26.0]}}},"right":{"predicate":{"type":">=","left":{"type":"ArithmeticVariable","name":"IPM"},"right":{"type":"ArithmeticConstant","value":72.03728485107422}},"left":{"predicate":{"type":">=","left":{"type":"ArithmeticVariable","name":"CandiNum"},"right":{"type":"ArithmeticConstant","value":2.001953125}},"left":{"aggregate":[5.0,20.0]},"right":{"aggregate":[26.0,14.0]}},"right":{"aggregate":[18.0,7.0]}}}}},"right":{"aggregate":[13.0,45.0]}}}