{"predicate":{"type":"Membership","name":"Party","subset":["Demokrat","Gerindra","Golkar","NasDem","PAN","PDIP","PKB","PKS"]},"left":{"predicate":{"type":"Membership","name":"Party","subset":["Berkarya","Garuda","Gerindra","Golkar","Hanura","NasDem","PBB","PDIP","PKB","PKPI","PKS","PSI","Perindo"]},"left":{"aggregate":[42.0,18.0]},"right":{"aggregate":[193.0,0.0]}},"right":{"predicate":{"type":"Membership","name":"Gender","subset":["M"]},"left":{"predicate":{"type":">=","left":{"type":"ArithmeticVariable","name":"APM"},"right":{"type":"ArithmeticConstant","value":61.602439880371097}},"left":{"predicate":{"type":"Membership","name":"Resident","subset":["No"]},"left":{"aggregate":[18.0,13.0]},"right":{"aggregate":[31.0,10.0]}},"right":{"predicate":{"type":">=","left":{"type":"ArithmeticVariable","name":"Longitude"},"right":{"type":"ArithmeticConstant","value":101.5699234008789}},"left":{"aggregate":[10.0,3.0]},"right":{"predicate":{"type":">=","left":{"type":"ArithmeticVariable","name":"IPM"},"right":{"type":"ArithmeticConstant","value":74.35255432128906}},"left":{"predicate":{"type":">=","left":{"type":"ArithmeticVariable","name":"PPM"},"right":{"type":"ArithmeticConstant","value":8.528095245361329}},"left":{"aggregate":[1.0,15.0]},"right":{"aggregate":[23.0,34.0]}},"right":{"aggregate":[18.0,16.0]}}}},"right":{"predicate":{"type":"Membership","name":"Resident","subset":["Yes"]},"left":{"predicate":{"type":">=","left":{"type":"ArithmeticVariable","name":"Longitude"},"right":{"type":"ArithmeticConstant","value":119.90060424804688}},"left":{"predicate":{"type":">=","left":{"type":"ArithmeticVariable","name":"CandiNum"},"right":{"type":"ArithmeticConstant","value":2.001953125}},"left":{"predicate":{"type":">=","left":{"type":"ArithmeticVariable","name":"CandiNum"},"right":{"type":"ArithmeticConstant","value":1.0087890625}},"left":{"predicate":{"type":"Membership","name":"Party","subset":["Berkarya","Garuda","Golkar","Hanura","NasDem","PAN","PBB","PDIP","PKB","PKPI","PKS","PPP","PSI","Perindo"]},"left":{"aggregate":[0.0,43.0]},"right":{"predicate":{"type":">=","left":{"type":"ArithmeticVariable","name":"APM"},"right":{"type":"ArithmeticConstant","value":85.54681396484375}},"left":{"predicate":{"type":">=","left":{"type":"ArithmeticVariable","name":"PPM"},"right":{"type":"ArithmeticConstant","value":14.071952819824219}},"left":{"predicate":{"type":">=","left":{"type":"ArithmeticVariable","name":"IPM"},"right":{"type":"ArithmeticConstant","value":69.87300872802735}},"left":{"aggregate":[0.0,39.0]},"right":{"aggregate":[8.0,56.0]}},"right":{"aggregate":[3.0,3.0]}},"right":{"aggregate":[3.0,1.0]}}},"right":{"aggregate":[13.0,26.0]}},"right":{"predicate":{"type":">=","left":{"type":"ArithmeticVariable","name":"Longitude"},"right":{"type":"ArithmeticConstant","value":109.17044830322266}},"left":{"aggregate":[36.0,4.0]},"right":{"aggregate":[17.0,11.0]}}},"right":{"aggregate":[13.0,13.0]}},"right":{"predicate":{"type":">=","left":{"type":"ArithmeticVariable","name":"CandiNum"},"right":{"type":"ArithmeticConstant","value":2.001953125}},"left":{"predicate":{"type":">=","left":{"type":"ArithmeticVariable","name":"PPM"},"right":{"type":"ArithmeticConstant","value":4.703076362609863}},"left":{"aggregate":[0.0,21.0]},"right":{"predicate":{"type":">=","left":{"type":"ArithmeticVariable","name":"IPM"},"right":{"type":"ArithmeticConstant","value":75.48503112792969}},"left":{"predicate":{"type":">=","left":{"type":"ArithmeticVariable","name":"CandiNum"},"right":{"type":"ArithmeticConstant","value":1.0087890625}},"left":{"predicate":{"type":">=","left":{"type":"ArithmeticVariable","name":"APM"},"right":{"type":"ArithmeticConstant","value":56.36460876464844}},"left":{"aggregate":[3.0,16.0]},"right":{"aggregate":[1.0,46.0]}},"right":{"aggregate":[10.0,24.0]}},"right":{"aggregate":[0.0,19.0]}}},"right":{"predicate":{"type":"Membership","name":"Party","subset":["Berkarya","Garuda","Golkar","Hanura","NasDem","PBB","PDIP","PKPI","PPP","PSI","Perindo"]},"left":{"aggregate":[40.0,11.0]},"right":{"aggregate":[14.0,25.0]}}}}}}