{"predicate":{"type":"Membership","name":"Gender","subset":["F"]},"left":{"predicate":{"type":">=","left":{"type":"ArithmeticVariable","name":"CandiNum"},"right":{"type":"ArithmeticConstant","value":1.0087890625}},"left":{"predicate":{"type":">=","left":{"type":"ArithmeticVariable","name":"IPM"},"right":{"type":"ArithmeticConstant","value":74.327392578125}},"left":{"predicate":{"type":">=","left":{"type":"ArithmeticVariable","name":"Longitude"},"right":{"type":"ArithmeticConstant","value":114.08843231201172}},"left":{"predicate":{"type":"Membership","name":"Resident","subset":["No"]},"left":{"aggregate":[13.0,34.0]},"right":{"predicate":{"type":"Membership","name":"Party","subset":["Garuda","Hanura","PBB","PKPI","PSI","Perindo"]},"left":{"predicate":{"type":">=","left":{"type":"ArithmeticVariable","name":"PPM"},"right":{"type":"ArithmeticConstant","value":14.071952819824219}},"left":{"predicate":{"type":">=","left":{"type":"ArithmeticVariable","name":"IPM"},"right":{"type":"ArithmeticConstant","value":72.03728485107422}},"left":{"predicate":{"type":">=","left":{"type":"ArithmeticVariable","name":"IPM"},"right":{"type":"ArithmeticConstant","value":69.87300872802735}},"left":{"aggregate":[2.0,44.0]},"right":{"aggregate":[0.0,56.0]}},"right":{"aggregate":[3.0,10.0]}},"right":{"aggregate":[1.0,9.0]}},"right":{"aggregate":[4.0,0.0]}}},"right":{"predicate":{"type":"Membership","name":"Party","subset":["Berkarya","Garuda","Hanura","PBB","PKPI","PSI","Perindo"]},"left":{"aggregate":[9.0,54.0]},"right":{"aggregate":[11.0,0.0]}}},"right":{"aggregate":[4.0,51.0]}},"right":{"predicate":{"type":">=","left":{"type":"ArithmeticVariable","name":"IPM"},"right":{"type":"ArithmeticConstant","value":70.98030853271485}},"left":{"predicate":{"type":">=","left":{"type":"ArithmeticVariable","name":"PPM"},"right":{"type":"ArithmeticConstant","value":9.423828125}},"left":{"predicate":{"type":">=","left":{"type":"ArithmeticVariable","name":"APM"},"right":{"type":"ArithmeticConstant","value":58.20648193359375}},"left":{"aggregate":[28.0,8.0]},"right":{"aggregate":[32.0,2.0]}},"right":{"predicate":{"type":"Membership","name":"Resident","subset":["Yes"]},"left":{"predicate":{"type":">=","left":{"type":"ArithmeticVariable","name":"IPM"},"right":{"type":"ArithmeticConstant","value":66.29943084716797}},"left":{"aggregate":[5.0,5.0]},"right":{"aggregate":[47.0,14.0]}},"right":{"aggregate":[29.0,27.0]}}},"right":{"predicate":{"type":">=","left":{"type":"ArithmeticVariable","name":"Longitude"},"right":{"type":"ArithmeticConstant","value":100.67574310302735}},"left":{"aggregate":[22.0,8.0]},"right":{"predicate":{"type":"Membership","name":"Party","subset":["Demokrat","Garuda","Gerindra","Golkar","PDIP","PKB"]},"left":{"aggregate":[47.0,9.0]},"right":{"predicate":{"type":">=","left":{"type":"ArithmeticVariable","name":"CandiNum"},"right":{"type":"ArithmeticConstant","value":2.001953125}},"left":{"aggregate":[3.0,20.0]},"right":{"aggregate":[20.0,26.0]}}}}}},"right":{"predicate":{"type":">=","left":{"type":"ArithmeticVariable","name":"Latitude"},"right":{"type":"ArithmeticConstant","value":-2.5986037254333498}},"left":{"predicate":{"type":">=","left":{"type":"ArithmeticVariable","name":"APM"},"right":{"type":"ArithmeticConstant","value":59.587890625}},"left":{"predicate":{"type":"Membership","name":"Party","subset":["Berkarya","Garuda","Hanura","PAN","PBB","PKPI","PKS","PSI","Perindo"]},"left":{"aggregate":[31.0,18.0]},"right":{"aggregate":[24.0,0.0]}},"right":{"predicate":{"type":">=","left":{"type":"ArithmeticVariable","name":"CandiNum"},"right":{"type":"ArithmeticConstant","value":2.001953125}},"left":{"predicate":{"type":"Membership","name":"Party","subset":["Berkarya","Demokrat","Gerindra","Golkar","Hanura","NasDem","PAN","PDIP","PKB","PKS","PPP","PSI","Perindo"]},"left":{"aggregate":[6.0,0.0]},"right":{"aggregate":[7.0,52.0]}},"right":{"predicate":{"type":">=","left":{"type":"ArithmeticVariable","name":"Latitude"},"right":{"type":"ArithmeticConstant","value":-9.836240768432618}},"left":{"aggregate":[0.0,2.0]},"right":{"predicate":{"type":"Membership","name":"Party","subset":["Berkarya","Demokrat","Garuda","Gerindra","Hanura","PAN","PBB","PKPI","PPP","PSI","Perindo"]},"left":{"aggregate":[27.0,13.0]},"right":{"aggregate":[60.0,0.0]}}}}},"right":{"predicate":{"type":">=","left":{"type":"ArithmeticVariable","name":"CandiNum"},"right":{"type":"ArithmeticConstant","value":1.0087890625}},"left":{"aggregate":[5.0,7.0]},"right":{"predicate":{"type":">=","left":{"type":"ArithmeticVariable","name":"Longitude"},"right":{"type":"ArithmeticConstant","value":121.4450912475586}},"left":{"aggregate":[53.0,4.0]},"right":{"aggregate":[9.0,4.0]}}}}}