{"predicate":{"type":"Membership","name":"Gender","subset":["M"]},"left":{"predicate":{"type":"Membership","name":"Party","subset":["Berkarya","Garuda","Hanura","PBB","PKPI","PPP","PSI","Perindo"]},"left":{"predicate":{"type":">=","left":{"type":"ArithmeticVariable","name":"CandiNum"},"right":{"type":"ArithmeticConstant","value":2.001953125}},"left":{"predicate":{"type":">=","left":{"type":"ArithmeticVariable","name":"PPM"},"right":{"type":"ArithmeticConstant","value":4.775703430175781}},"left":{"aggregate":[6.0,8.0]},"right":{"predicate":{"type":">=","left":{"type":"ArithmeticVariable","name":"Longitude"},"right":{"type":"ArithmeticConstant","value":98.88738250732422}},"left":{"aggregate":[1.0,0.0]},"right":{"predicate":{"type":"Membership","name":"Party","subset":["Berkarya","Demokrat","Garuda","Hanura","PBB","PDIP","PKB","PKPI","PPP","PSI","Perindo"]},"left":{"aggregate":[9.0,34.0]},"right":{"aggregate":[0.0,31.0]}}}},"right":{"predicate":{"type":">=","left":{"type":"ArithmeticVariable","name":"CandiNum"},"right":{"type":"ArithmeticConstant","value":7.0029296875}},"left":{"predicate":{"type":">=","left":{"type":"ArithmeticVariable","name":"APM"},"right":{"type":"ArithmeticConstant","value":80.07875061035156}},"left":{"predicate":{"type":"Membership","name":"Party","subset":["Berkarya","Garuda","Golkar","Hanura","NasDem","PBB","PDIP","PKPI","PPP","PSI","Perindo"]},"left":{"aggregate":[47.0,3.0]},"right":{"aggregate":[18.0,18.0]}},"right":{"aggregate":[0.0,4.0]}},"right":{"aggregate":[10.0,0.0]}}},"right":{"predicate":{"type":"Membership","name":"Resident","subset":["Yes"]},"left":{"aggregate":[56.0,0.0]},"right":{"aggregate":[37.0,3.0]}}},"right":{"predicate":{"type":">=","left":{"type":"ArithmeticVariable","name":"CandiNum"},"right":{"type":"ArithmeticConstant","value":2.001953125}},"left":{"predicate":{"type":"Membership","name":"Party","subset":["Berkarya","Garuda","Hanura","PBB","PKPI","PSI","Perindo"]},"left":{"predicate":{"type":"Membership","name":"Party","subset":["Berkarya","Garuda","Hanura","PAN","PBB","PKB","PKPI","PPP","PSI","Perindo"]},"left":{"predicate":{"type":">=","left":{"type":"ArithmeticVariable","name":"Longitude"},"right":{"type":"ArithmeticConstant","value":121.4450912475586}},"left":{"predicate":{"type":"Membership","name":"Party","subset":["Berkarya","Demokrat","Garuda","Hanura","PBB","PKB","PKPI","PKS","PPP","PSI","Perindo"]},"left":{"predicate":{"type":">=","left":{"type":"ArithmeticVariable","name":"Longitude"},"right":{"type":"ArithmeticConstant","value":111.97491455078125}},"left":{"predicate":{"type":">=","left":{"type":"ArithmeticVariable","name":"Longitude"},"right":{"type":"ArithmeticConstant","value":110.38978576660156}},"left":{"predicate":{"type":"Membership","name":"Resident","subset":["Yes"]},"left":{"predicate":{"type":">=","left":{"type":"ArithmeticVariable","name":"IPM"},"right":{"type":"ArithmeticConstant","value":72.4147720336914}},"left":{"aggregate":[0.0,54.0]},"right":{"aggregate":[3.0,12.0]}},"right":{"aggregate":[3.0,35.0]}},"right":{"aggregate":[6.0,11.0]}},"right":{"aggregate":[1.0,53.0]}},"right":{"aggregate":[1.0,66.0]}},"right":{"aggregate":[5.0,18.0]}},"right":{"predicate":{"type":">=","left":{"type":"ArithmeticVariable","name":"PPM"},"right":{"type":"ArithmeticConstant","value":4.727285385131836}},"left":{"aggregate":[7.0,3.0]},"right":{"predicate":{"type":">=","left":{"type":"ArithmeticVariable","name":"Longitude"},"right":{"type":"ArithmeticConstant","value":100.22865295410156}},"left":{"aggregate":[0.0,6.0]},"right":{"predicate":{"type":">=","left":{"type":"ArithmeticVariable","name":"CandiNum"},"right":{"type":"ArithmeticConstant","value":1.0087890625}},"left":{"aggregate":[10.0,53.0]},"right":{"aggregate":[8.0,11.0]}}}}},"right":{"aggregate":[50.0,0.0]}},"right":{"predicate":{"type":">=","left":{"type":"ArithmeticVariable","name":"IPM"},"right":{"type":"ArithmeticConstant","value":70.75381469726563}},"left":{"predicate":{"type":"Membership","name":"Resident","subset":["Yes"]},"left":{"predicate":{"type":"Membership","name":"Party","subset":["Garuda","Golkar","Hanura","NasDem","PKPI"]},"left":{"aggregate":[68.0,0.0]},"right":{"aggregate":[10.0,6.0]}},"right":{"aggregate":[40.0,17.0]}},"right":{"predicate":{"type":"Membership","name":"Party","subset":["Golkar","PDIP","PKPI","PKS"]},"left":{"predicate":{"type":">=","left":{"type":"ArithmeticVariable","name":"Longitude"},"right":{"type":"ArithmeticConstant","value":116.5677490234375}},"left":{"predicate":{"type":"Membership","name":"Resident","subset":["No"]},"left":{"aggregate":[30.0,8.0]},"right":{"aggregate":[29.0,0.0]}},"right":{"aggregate":[2.0,3.0]}},"right":{"aggregate":[13.0,25.0]}}}}}