{"predicate":{"type":"Membership","name":"Party","subset":["Berkarya","Garuda","Hanura","PBB","PKPI","PSI","Perindo"]},"left":{"predicate":{"type":">=","left":{"type":"ArithmeticVariable","name":"CandiNum"},"right":{"type":"ArithmeticConstant","value":1.0087890625}},"left":{"predicate":{"type":"Membership","name":"Gender","subset":["M"]},"left":{"aggregate":[10.0,49.0]},"right":{"predicate":{"type":">=","left":{"type":"ArithmeticVariable","name":"PPM"},"right":{"type":"ArithmeticConstant","value":3.444209098815918}},"left":{"aggregate":[1.0,2.0]},"right":{"predicate":{"type":">=","left":{"type":"ArithmeticVariable","name":"Longitude"},"right":{"type":"ArithmeticConstant","value":122.4612045288086}},"left":{"predicate":{"type":"Membership","name":"Resident","subset":["No"]},"left":{"predicate":{"type":">=","left":{"type":"ArithmeticVariable","name":"IPM"},"right":{"type":"ArithmeticConstant","value":69.67167663574219}},"left":{"aggregate":[2.0,15.0]},"right":{"aggregate":[0.0,64.0]}},"right":{"predicate":{"type":"Membership","name":"Party","subset":["Berkarya","Garuda","Gerindra","Golkar","Hanura","PAN","PBB","PDIP","PKB","PKPI","PKS","PSI","Perindo"]},"left":{"aggregate":[7.0,34.0]},"right":{"predicate":{"type":">=","left":{"type":"ArithmeticVariable","name":"Latitude"},"right":{"type":"ArithmeticConstant","value":3.4281740188598635}},"left":{"predicate":{"type":">=","left":{"type":"ArithmeticVariable","name":"APM"},"right":{"type":"ArithmeticConstant","value":62.86872863769531}},"left":{"predicate":{"type":"Membership","name":"Party","subset":["Garuda","Gerindra","Hanura","PBB","PKB","PKPI","PSI"]},"left":{"aggregate":[6.0,48.0]},"right":{"aggregate":[0.0,27.0]}},"right":{"aggregate":[1.0,60.0]}},"right":{"aggregate":[2.0,3.0]}}}},"right":{"aggregate":[4.0,9.0]}}}},"right":{"predicate":{"type":">=","left":{"type":"ArithmeticVariable","name":"CandiNum"},"right":{"type":"ArithmeticConstant","value":2.001953125}},"left":{"predicate":{"type":"Membership","name":"Party","subset":["Berkarya","Garuda","Gerindra","Golkar","Hanura","PBB","PDIP","PKB","PKPI","PKS","PSI","Perindo"]},"left":{"aggregate":[32.0,18.0]},"right":{"predicate":{"type":">=","left":{"type":"ArithmeticVariable","name":"PPM"},"right":{"type":"ArithmeticConstant","value":11.166874885559082}},"left":{"aggregate":[3.0,45.0]},"right":{"aggregate":[13.0,27.0]}}},"right":{"predicate":{"type":"Membership","name":"Gender","subset":["M"]},"left":{"predicate":{"type":">=","left":{"type":"ArithmeticVariable","name":"CandiNum"},"right":{"type":"ArithmeticConstant","value":3.00390625}},"left":{"aggregate":[24.0,12.0]},"right":{"predicate":{"type":">=","left":{"type":"ArithmeticVariable","name":"Longitude"},"right":{"type":"ArithmeticConstant","value":119.90060424804688}},"left":{"predicate":{"type":">=","left":{"type":"ArithmeticVariable","name":"Latitude"},"right":{"type":"ArithmeticConstant","value":-7.276924133300781}},"left":{"aggregate":[28.0,0.0]},"right":{"predicate":{"type":"Membership","name":"Party","subset":["Berkarya","Garuda","Golkar","Hanura","NasDem","PBB","PDIP","PKB","PKPI","PSI","Perindo"]},"left":{"aggregate":[38.0,0.0]},"right":{"aggregate":[20.0,8.0]}}},"right":{"aggregate":[4.0,5.0]}}},"right":{"predicate":{"type":">=","left":{"type":"ArithmeticVariable","name":"Latitude"},"right":{"type":"ArithmeticConstant","value":-7.607158660888672}},"left":{"aggregate":[13.0,19.0]},"right":{"predicate":{"type":">=","left":{"type":"ArithmeticVariable","name":"Longitude"},"right":{"type":"ArithmeticConstant","value":110.38978576660156}},"left":{"predicate":{"type":">=","left":{"type":"ArithmeticVariable","name":"Latitude"},"right":{"type":"ArithmeticConstant","value":3.4281740188598635}},"left":{"predicate":{"type":"Membership","name":"Resident","subset":["Yes"]},"left":{"aggregate":[40.0,5.0]},"right":{"aggregate":[31.0,10.0]}},"right":{"aggregate":[0.0,2.0]}},"right":{"aggregate":[24.0,21.0]}}}}}},"right":{"aggregate":[200.0,0.0]}}