{"predicate":{"type":">=","left":{"type":"ArithmeticVariable","name":"CandiNum"},"right":{"type":"ArithmeticConstant","value":2.001953125}},"left":{"predicate":{"type":">=","left":{"type":"ArithmeticVariable","name":"CandiNum"},"right":{"type":"ArithmeticConstant","value":1.0087890625}},"left":{"predicate":{"type":">=","left":{"type":"ArithmeticVariable","name":"IPM"},"right":{"type":"ArithmeticConstant","value":66.29943084716797}},"left":{"aggregate":[1.0,27.0]},"right":{"predicate":{"type":">=","left":{"type":"ArithmeticVariable","name":"IPM"},"right":{"type":"ArithmeticConstant","value":66.40010070800781}},"left":{"aggregate":[1.0,1.0]},"right":{"predicate":{"type":">=","left":{"type":"ArithmeticVariable","name":"Longitude"},"right":{"type":"ArithmeticConstant","value":122.4612045288086}},"left":{"predicate":{"type":"Membership","name":"Party","subset":["Berkarya","Garuda","Hanura","PBB","PKPI","PSI","Perindo"]},"left":{"predicate":{"type":"Membership","name":"Party","subset":["Berkarya","Garuda","Hanura","PAN","PBB","PKPI","PKS","PSI","Perindo"]},"left":{"predicate":{"type":">=","left":{"type":"ArithmeticVariable","name":"PPM"},"right":{"type":"ArithmeticConstant","value":4.703076362609863}},"left":{"aggregate":[3.0,18.0]},"right":{"predicate":{"type":"Membership","name":"Resident","subset":["Yes"]},"left":{"predicate":{"type":">=","left":{"type":"ArithmeticVariable","name":"IPM"},"right":{"type":"ArithmeticConstant","value":70.14983367919922}},"left":{"predicate":{"type":">=","left":{"type":"ArithmeticVariable","name":"Longitude"},"right":{"type":"ArithmeticConstant","value":108.11368560791016}},"left":{"aggregate":[0.0,19.0]},"right":{"aggregate":[6.0,47.0]}},"right":{"predicate":{"type":">=","left":{"type":"ArithmeticVariable","name":"Latitude"},"right":{"type":"ArithmeticConstant","value":-7.978672027587891}},"left":{"aggregate":[1.0,2.0]},"right":{"aggregate":[1.0,73.0]}}},"right":{"aggregate":[0.0,62.0]}}},"right":{"predicate":{"type":">=","left":{"type":"ArithmeticVariable","name":"IPM"},"right":{"type":"ArithmeticConstant","value":70.02400207519531}},"left":{"aggregate":[0.0,23.0]},"right":{"aggregate":[5.0,37.0]}}},"right":{"aggregate":[31.0,0.0]}},"right":{"aggregate":[5.0,7.0]}}}},"right":{"predicate":{"type":"Membership","name":"Party","subset":["Berkarya","Garuda","Hanura","PBB","PKPI","PSI","Perindo"]},"left":{"predicate":{"type":">=","left":{"type":"ArithmeticVariable","name":"APM"},"right":{"type":"ArithmeticConstant","value":53.6017951965332}},"left":{"aggregate":[0.0,10.0]},"right":{"predicate":{"type":">=","left":{"type":"ArithmeticVariable","name":"Longitude"},"right":{"type":"ArithmeticConstant","value":109.86140441894531}},"left":{"aggregate":[12.0,52.0]},"right":{"aggregate":[17.0,29.0]}}},"right":{"aggregate":[31.0,0.0]}}},"right":{"predicate":{"type":"Membership","name":"Gender","subset":["F"]},"left":{"predicate":{"type":">=","left":{"type":"ArithmeticVariable","name":"Longitude"},"right":{"type":"ArithmeticConstant","value":110.14591217041016}},"left":{"predicate":{"type":"Membership","name":"Party","subset":["Demokrat","Garuda","Gerindra","Golkar","NasDem","PAN","PDIP","PKB","PKPI","PKS"]},"left":{"aggregate":[46.0,0.0]},"right":{"predicate":{"type":"Membership","name":"Party","subset":["Berkarya","Garuda","Golkar","Hanura","NasDem","PBB","PDIP","PKPI","PPP","PSI","Perindo"]},"left":{"aggregate":[45.0,5.0]},"right":{"aggregate":[29.0,12.0]}}},"right":{"predicate":{"type":"Membership","name":"Party","subset":["Berkarya","Garuda","Hanura","PBB","PKPI","PPP","PSI","Perindo"]},"left":{"predicate":{"type":"Membership","name":"Party","subset":["Berkarya","Demokrat","Garuda","Gerindra","Golkar","Hanura","NasDem","PAN","PBB","PKPI","PKS","PPP","PSI","Perindo"]},"left":{"aggregate":[9.0,22.0]},"right":{"aggregate":[38.0,21.0]}},"right":{"aggregate":[34.0,0.0]}}},"right":{"predicate":{"type":"Membership","name":"Party","subset":["Berkarya","Demokrat","Garuda","Gerindra","Hanura","PAN","PBB","PKPI","PPP","PSI","Perindo"]},"left":{"predicate":{"type":"Membership","name":"Party","subset":["Berkarya","Demokrat","Garuda","Gerindra","Golkar","Hanura","PAN","PBB","PKB","PKPI","PKS","PPP","PSI","Perindo"]},"left":{"aggregate":[21.0,17.0]},"right":{"aggregate":[31.0,7.0]}},"right":{"aggregate":[118.0,0.0]}}}}