{"predicate":{"type":">=","left":{"type":"ArithmeticVariable","name":"CandiNum"},"right":{"type":"ArithmeticConstant","value":2.001953125}},"left":{"predicate":{"type":"Membership","name":"Gender","subset":["F"]},"left":{"predicate":{"type":">=","left":{"type":"ArithmeticVariable","name":"CandiNum"},"right":{"type":"ArithmeticConstant","value":1.0087890625}},"left":{"predicate":{"type":">=","left":{"type":"ArithmeticVariable","name":"APM"},"right":{"type":"ArithmeticConstant","value":73.86241912841797}},"left":{"predicate":{"type":"Membership","name":"Party","subset":["Berkarya","Garuda","Hanura","PBB","PKPI","PSI","Perindo"]},"left":{"predicate":{"type":">=","left":{"type":"ArithmeticVariable","name":"IPM"},"right":{"type":"ArithmeticConstant","value":70.80415344238281}},"left":{"predicate":{"type":"Membership","name":"Party","subset":["Berkarya","Demokrat","Garuda","Gerindra","Golkar","Hanura","PAN","PBB","PDIP","PKB","PKPI","PKS","PSI","Perindo"]},"left":{"aggregate":[8.0,19.0]},"right":{"predicate":{"type":"Membership","name":"Party","subset":["Berkarya","Garuda","Golkar","Hanura","NasDem","PAN","PBB","PKPI","PPP","PSI","Perindo"]},"left":{"aggregate":[1.0,108.0]},"right":{"aggregate":[3.0,45.0]}}},"right":{"predicate":{"type":">=","left":{"type":"ArithmeticVariable","name":"IPM"},"right":{"type":"ArithmeticConstant","value":72.03728485107422}},"left":{"aggregate":[0.0,13.0]},"right":{"aggregate":[3.0,57.0]}}},"right":{"aggregate":[21.0,0.0]}},"right":{"aggregate":[8.0,26.0]}},"right":{"predicate":{"type":">=","left":{"type":"ArithmeticVariable","name":"APM"},"right":{"type":"ArithmeticConstant","value":71.79031372070313}},"left":{"predicate":{"type":">=","left":{"type":"ArithmeticVariable","name":"IPM"},"right":{"type":"ArithmeticConstant","value":77.77513122558594}},"left":{"predicate":{"type":"Membership","name":"Party","subset":["Berkarya","Garuda","Hanura","PBB","PKPI","PSI","Perindo"]},"left":{"predicate":{"type":">=","left":{"type":"ArithmeticVariable","name":"APM"},"right":{"type":"ArithmeticConstant","value":70.17866516113281}},"left":{"predicate":{"type":">=","left":{"type":"ArithmeticVariable","name":"PPM"},"right":{"type":"ArithmeticConstant","value":4.727285385131836}},"left":{"aggregate":[3.0,0.0]},"right":{"aggregate":[19.0,45.0]}},"right":{"aggregate":[0.0,5.0]}},"right":{"aggregate":[13.0,0.0]}},"right":{"aggregate":[2.0,0.0]}},"right":{"aggregate":[15.0,11.0]}}},"right":{"predicate":{"type":">=","left":{"type":"ArithmeticVariable","name":"CandiNum"},"right":{"type":"ArithmeticConstant","value":1.0087890625}},"left":{"aggregate":[9.0,50.0]},"right":{"aggregate":[25.0,27.0]}}},"right":{"predicate":{"type":"Membership","name":"Resident","subset":["Yes"]},"left":{"predicate":{"type":"Membership","name":"Party","subset":["Gerindra","Golkar","NasDem","PAN","PDIP","PKPI"]},"left":{"aggregate":[132.0,0.0]},"right":{"predicate":{"type":">=","left":{"type":"ArithmeticVariable","name":"APM"},"right":{"type":"ArithmeticConstant","value":75.76185607910156}},"left":{"predicate":{"type":"Membership","name":"Party","subset":["Berkarya","Demokrat","Garuda","Gerindra","Hanura","PAN","PBB","PKB","PKPI","PKS","PPP","PSI","Perindo"]},"left":{"aggregate":[42.0,21.0]},"right":{"aggregate":[35.0,0.0]}},"right":{"aggregate":[3.0,7.0]}}},"right":{"predicate":{"type":"Membership","name":"Party","subset":["Berkarya","Demokrat","Garuda","Gerindra","Hanura","PAN","PBB","PKPI","PKS","PPP","PSI","Perindo"]},"left":{"predicate":{"type":">=","left":{"type":"ArithmeticVariable","name":"Longitude"},"right":{"type":"ArithmeticConstant","value":108.23562622070313}},"left":{"aggregate":[22.0,10.0]},"right":{"aggregate":[8.0,34.0]}},"right":{"predicate":{"type":"Membership","name":"Party","subset":["Berkarya","Garuda","Golkar","Hanura","NasDem","PBB","PDIP","PKB","PKPI","PPP","PSI","Perindo"]},"left":{"predicate":{"type":">=","left":{"type":"ArithmeticVariable","name":"Longitude"},"right":{"type":"ArithmeticConstant","value":101.5699234008789}},"left":{"aggregate":[3.0,4.0]},"right":{"predicate":{"type":">=","left":{"type":"ArithmeticVariable","name":"APM"},"right":{"type":"ArithmeticConstant","value":34.434783935546878}},"left":{"aggregate":[2.0,2.0]},"right":{"aggregate":[59.0,4.0]}}},"right":{"aggregate":[63.0,0.0]}}}}}