{"predicate":{"type":">=","left":{"type":"ArithmeticVariable","name":"APM"},"right":{"type":"ArithmeticConstant","value":73.1141586303711}},"left":{"predicate":{"type":"Membership","name":"Gender","subset":["M"]},"left":{"predicate":{"type":">=","left":{"type":"ArithmeticVariable","name":"Latitude"},"right":{"type":"ArithmeticConstant","value":-0.17688465118408204}},"left":{"predicate":{"type":">=","left":{"type":"ArithmeticVariable","name":"CandiNum"},"right":{"type":"ArithmeticConstant","value":2.001953125}},"left":{"predicate":{"type":"Membership","name":"Party","subset":["Berkarya","Garuda","Hanura","NasDem","PBB","PKPI","PKS","PPP","PSI","Perindo"]},"left":{"aggregate":[1.0,46.0]},"right":{"aggregate":[28.0,12.0]}},"right":{"predicate":{"type":">=","left":{"type":"ArithmeticVariable","name":"PPM"},"right":{"type":"ArithmeticConstant","value":9.980634689331055}},"left":{"aggregate":[59.0,3.0]},"right":{"predicate":{"type":">=","left":{"type":"ArithmeticVariable","name":"CandiNum"},"right":{"type":"ArithmeticConstant","value":6.0009765625}},"left":{"aggregate":[43.0,15.0]},"right":{"aggregate":[24.0,1.0]}}}},"right":{"aggregate":[27.0,4.0]}},"right":{"predicate":{"type":">=","left":{"type":"ArithmeticVariable","name":"CandiNum"},"right":{"type":"ArithmeticConstant","value":3.00390625}},"left":{"predicate":{"type":">=","left":{"type":"ArithmeticVariable","name":"CandiNum"},"right":{"type":"ArithmeticConstant","value":1.0087890625}},"left":{"predicate":{"type":"Membership","name":"Party","subset":["Berkarya","Garuda","Hanura","PBB","PKPI","PSI","Perindo"]},"left":{"predicate":{"type":">=","left":{"type":"ArithmeticVariable","name":"IPM"},"right":{"type":"ArithmeticConstant","value":67.9100570678711}},"left":{"aggregate":[6.0,33.0]},"right":{"predicate":{"type":"Membership","name":"Party","subset":["Berkarya","Demokrat","Garuda","Hanura","NasDem","PAN","PBB","PKB","PKPI","PKS","PSI","Perindo"]},"left":{"aggregate":[2.0,91.0]},"right":{"predicate":{"type":"Membership","name":"Resident","subset":["No"]},"left":{"aggregate":[1.0,36.0]},"right":{"predicate":{"type":">=","left":{"type":"ArithmeticVariable","name":"Longitude"},"right":{"type":"ArithmeticConstant","value":100.67574310302735}},"left":{"aggregate":[0.0,10.0]},"right":{"aggregate":[8.0,48.0]}}}}},"right":{"aggregate":[20.0,0.0]}},"right":{"predicate":{"type":"Membership","name":"Party","subset":["Demokrat","Garuda","Gerindra","Golkar","NasDem","PAN","PDIP","PKB","PKPI","PKS","PPP"]},"left":{"aggregate":[21.0,0.0]},"right":{"predicate":{"type":">=","left":{"type":"ArithmeticVariable","name":"APM"},"right":{"type":"ArithmeticConstant","value":66.72515869140625}},"left":{"predicate":{"type":">=","left":{"type":"ArithmeticVariable","name":"Latitude"},"right":{"type":"ArithmeticConstant","value":-8.597861289978028}},"left":{"aggregate":[3.0,0.0]},"right":{"predicate":{"type":">=","left":{"type":"ArithmeticVariable","name":"APM"},"right":{"type":"ArithmeticConstant","value":66.26468658447266}},"left":{"predicate":{"type":"Membership","name":"Party","subset":["Berkarya","Demokrat","Garuda","Gerindra","Golkar","Hanura","NasDem","PAN","PBB","PKB","PKPI","PKS","PPP","PSI","Perindo"]},"left":{"aggregate":[0.0,16.0]},"right":{"predicate":{"type":"Membership","name":"Party","subset":["Berkarya","Garuda","Gerindra","Golkar","Hanura","PBB","PDIP","PKB","PKPI","PKS","PPP","PSI","Perindo"]},"left":{"aggregate":[15.0,6.0]},"right":{"aggregate":[15.0,32.0]}}},"right":{"aggregate":[2.0,0.0]}}},"right":{"aggregate":[1.0,16.0]}}}},"right":{"predicate":{"type":">=","left":{"type":"ArithmeticVariable","name":"PPM"},"right":{"type":"ArithmeticConstant","value":7.487109184265137}},"left":{"aggregate":[36.0,2.0]},"right":{"predicate":{"type":">=","left":{"type":"ArithmeticVariable","name":"APM"},"right":{"type":"ArithmeticConstant","value":56.99774932861328}},"left":{"aggregate":[21.0,12.0]},"right":{"predicate":{"type":">=","left":{"type":"ArithmeticVariable","name":"IPM"},"right":{"type":"ArithmeticConstant","value":69.39485168457031}},"left":{"aggregate":[18.0,0.0]},"right":{"predicate":{"type":"Membership","name":"Party","subset":["Demokrat","Golkar","NasDem","PAN","PDIP","PKB","PKPI"]},"left":{"aggregate":[39.0,0.0]},"right":{"aggregate":[24.0,15.0]}}}}}}},"right":{"predicate":{"type":"Membership","name":"Party","subset":["Demokrat","Gerindra","Golkar","NasDem","PAN","PDIP","PKB","PKS"]},"left":{"aggregate":[33.0,0.0]},"right":{"predicate":{"type":">=","left":{"type":"ArithmeticVariable","name":"IPM"},"right":{"type":"ArithmeticConstant","value":71.23197174072266}},"left":{"aggregate":[6.0,6.0]},"right":{"predicate":{"type":">=","left":{"type":"ArithmeticVariable","name":"CandiNum"},"right":{"type":"ArithmeticConstant","value":2.001953125}},"left":{"aggregate":[3.0,50.0]},"right":{"aggregate":[22.0,20.0]}}}}}