{"predicate":{"type":"Membership","name":"Party","subset":["Demokrat","Gerindra","Golkar","NasDem","PAN","PDIP","PKB","PKS","PPP"]},"left":{"aggregate":[186.0,0.0]},"right":{"predicate":{"type":">=","left":{"type":"ArithmeticVariable","name":"PPM"},"right":{"type":"ArithmeticConstant","value":11.118456840515137}},"left":{"predicate":{"type":">=","left":{"type":"ArithmeticVariable","name":"CandiNum"},"right":{"type":"ArithmeticConstant","value":2.001953125}},"left":{"predicate":{"type":"Membership","name":"Party","subset":["Berkarya","Garuda","Hanura","PBB","PDIP","PKB","PKPI","PKS","PSI","Perindo"]},"left":{"predicate":{"type":">=","left":{"type":"ArithmeticVariable","name":"Longitude"},"right":{"type":"ArithmeticConstant","value":102.01701354980469}},"left":{"aggregate":[1.0,23.0]},"right":{"predicate":{"type":"Membership","name":"Party","subset":["Berkarya","Demokrat","Garuda","Hanura","NasDem","PAN","PBB","PDIP","PKB","PKPI","PKS","PPP","PSI","Perindo"]},"left":{"predicate":{"type":">=","left":{"type":"ArithmeticVariable","name":"APM"},"right":{"type":"ArithmeticConstant","value":59.587890625}},"left":{"aggregate":[9.0,27.0]},"right":{"aggregate":[2.0,34.0]}},"right":{"predicate":{"type":">=","left":{"type":"ArithmeticVariable","name":"Latitude"},"right":{"type":"ArithmeticConstant","value":-7.290683746337891}},"left":{"aggregate":[10.0,12.0]},"right":{"aggregate":[14.0,48.0]}}}},"right":{"predicate":{"type":"Membership","name":"Party","subset":["Berkarya","Demokrat","Garuda","Gerindra","Golkar","Hanura","NasDem","PAN","PBB","PKB","PKPI","PPP","PSI","Perindo"]},"left":{"predicate":{"type":"Membership","name":"Party","subset":["Berkarya","Demokrat","Garuda","Gerindra","Golkar","Hanura","NasDem","PAN","PBB","PKB","PKPI","PKS","PPP","PSI","Perindo"]},"left":{"aggregate":[2.0,49.0]},"right":{"aggregate":[1.0,30.0]}},"right":{"aggregate":[4.0,23.0]}}},"right":{"predicate":{"type":">=","left":{"type":"ArithmeticVariable","name":"Longitude"},"right":{"type":"ArithmeticConstant","value":108.23562622070313}},"left":{"predicate":{"type":"Membership","name":"Party","subset":["Berkarya","Garuda","Hanura","PAN","PBB","PKB","PKPI","PPP","PSI","Perindo"]},"left":{"predicate":{"type":">=","left":{"type":"ArithmeticVariable","name":"CandiNum"},"right":{"type":"ArithmeticConstant","value":6.0009765625}},"left":{"aggregate":[38.0,17.0]},"right":{"aggregate":[19.0,0.0]}},"right":{"aggregate":[35.0,0.0]}},"right":{"predicate":{"type":">=","left":{"type":"ArithmeticVariable","name":"CandiNum"},"right":{"type":"ArithmeticConstant","value":5.0078125}},"left":{"predicate":{"type":">=","left":{"type":"ArithmeticVariable","name":"Latitude"},"right":{"type":"ArithmeticConstant","value":-8.460264205932618}},"left":{"aggregate":[0.0,2.0]},"right":{"predicate":{"type":">=","left":{"type":"ArithmeticVariable","name":"Latitude"},"right":{"type":"ArithmeticConstant","value":1.5293254852294922}},"left":{"predicate":{"type":">=","left":{"type":"ArithmeticVariable","name":"IPM"},"right":{"type":"ArithmeticConstant","value":65.74578094482422}},"left":{"aggregate":[2.0,0.0]},"right":{"predicate":{"type":">=","left":{"type":"ArithmeticVariable","name":"CandiNum"},"right":{"type":"ArithmeticConstant","value":3.00390625}},"left":{"aggregate":[9.0,12.0]},"right":{"aggregate":[30.0,16.0]}}},"right":{"aggregate":[3.0,0.0]}}},"right":{"aggregate":[35.0,9.0]}}}},"right":{"predicate":{"type":">=","left":{"type":"ArithmeticVariable","name":"PPM"},"right":{"type":"ArithmeticConstant","value":11.48159122467041}},"left":{"aggregate":[3.0,15.0]},"right":{"predicate":{"type":">=","left":{"type":"ArithmeticVariable","name":"APM"},"right":{"type":"ArithmeticConstant","value":59.64544677734375}},"left":{"predicate":{"type":"Membership","name":"Party","subset":["Berkarya","Garuda","Hanura","PAN","PBB","PKPI","PKS","PSI","Perindo"]},"left":{"predicate":{"type":">=","left":{"type":"ArithmeticVariable","name":"CandiNum"},"right":{"type":"ArithmeticConstant","value":3.00390625}},"left":{"aggregate":[2.0,42.0]},"right":{"aggregate":[13.0,8.0]}},"right":{"aggregate":[9.0,5.0]}},"right":{"predicate":{"type":">=","left":{"type":"ArithmeticVariable","name":"CandiNum"},"right":{"type":"ArithmeticConstant","value":2.001953125}},"left":{"predicate":{"type":">=","left":{"type":"ArithmeticVariable","name":"APM"},"right":{"type":"ArithmeticConstant","value":61.71755599975586}},"left":{"aggregate":[5.0,11.0]},"right":{"predicate":{"type":">=","left":{"type":"ArithmeticVariable","name":"Longitude"},"right":{"type":"ArithmeticConstant","value":109.17044830322266}},"left":{"aggregate":[3.0,30.0]},"right":{"aggregate":[11.0,49.0]}}},"right":{"predicate":{"type":">=","left":{"type":"ArithmeticVariable","name":"CandiNum"},"right":{"type":"ArithmeticConstant","value":3.00390625}},"left":{"aggregate":[7.0,7.0]},"right":{"aggregate":[41.0,11.0]}}}}}}}