{"predicate":{"type":">=","left":{"type":"ArithmeticVariable","name":"CandiNum"},"right":{"type":"ArithmeticConstant","value":2.001953125}},"left":{"predicate":{"type":">=","left":{"type":"ArithmeticVariable","name":"CandiNum"},"right":{"type":"ArithmeticConstant","value":1.0087890625}},"left":{"predicate":{"type":">=","left":{"type":"ArithmeticVariable","name":"APM"},"right":{"type":"ArithmeticConstant","value":47.385467529296878}},"left":{"aggregate":[7.0,12.0]},"right":{"predicate":{"type":">=","left":{"type":"ArithmeticVariable","name":"Latitude"},"right":{"type":"ArithmeticConstant","value":0.07079029083251953}},"left":{"predicate":{"type":">=","left":{"type":"ArithmeticVariable","name":"Latitude"},"right":{"type":"ArithmeticConstant","value":-3.740664482116699}},"left":{"predicate":{"type":">=","left":{"type":"ArithmeticVariable","name":"APM"},"right":{"type":"ArithmeticConstant","value":65.63154602050781}},"left":{"predicate":{"type":"Membership","name":"Party","subset":["Berkarya","Demokrat","Gerindra","Golkar","PAN","PDIP","PKB","PKPI","PKS"]},"left":{"aggregate":[14.0,17.0]},"right":{"aggregate":[2.0,127.0]}},"right":{"predicate":{"type":"Membership","name":"Party","subset":["Demokrat","Gerindra","Golkar","NasDem","PAN","PDIP","PKB","PKS","Perindo"]},"left":{"aggregate":[12.0,0.0]},"right":{"predicate":{"type":">=","left":{"type":"ArithmeticVariable","name":"APM"},"right":{"type":"ArithmeticConstant","value":72.71124267578125}},"left":{"aggregate":[0.0,36.0]},"right":{"aggregate":[3.0,30.0]}}}},"right":{"aggregate":[11.0,47.0]}},"right":{"aggregate":[12.0,36.0]}}},"right":{"predicate":{"type":">=","left":{"type":"ArithmeticVariable","name":"Latitude"},"right":{"type":"ArithmeticConstant","value":4.171200752258301}},"left":{"predicate":{"type":">=","left":{"type":"ArithmeticVariable","name":"APM"},"right":{"type":"ArithmeticConstant","value":63.78966522216797}},"left":{"predicate":{"type":">=","left":{"type":"ArithmeticVariable","name":"PPM"},"right":{"type":"ArithmeticConstant","value":4.703076362609863}},"left":{"aggregate":[4.0,0.0]},"right":{"predicate":{"type":">=","left":{"type":"ArithmeticVariable","name":"APM"},"right":{"type":"ArithmeticConstant","value":62.98384475708008}},"left":{"predicate":{"type":">=","left":{"type":"ArithmeticVariable","name":"IPM"},"right":{"type":"ArithmeticConstant","value":73.09425354003906}},"left":{"predicate":{"type":"Membership","name":"Party","subset":["Gerindra","Golkar","PAN","PBB","PDIP","PKB","PKS"]},"left":{"aggregate":[25.0,5.0]},"right":{"aggregate":[6.0,34.0]}},"right":{"aggregate":[0.0,3.0]}},"right":{"aggregate":[1.0,10.0]}}},"right":{"predicate":{"type":">=","left":{"type":"ArithmeticVariable","name":"APM"},"right":{"type":"ArithmeticConstant","value":79.8485107421875}},"left":{"predicate":{"type":">=","left":{"type":"ArithmeticVariable","name":"Longitude"},"right":{"type":"ArithmeticConstant","value":122.705078125}},"left":{"predicate":{"type":">=","left":{"type":"ArithmeticVariable","name":"APM"},"right":{"type":"ArithmeticConstant","value":64.13501739501953}},"left":{"aggregate":[1.0,0.0]},"right":{"aggregate":[36.0,28.0]}},"right":{"aggregate":[0.0,2.0]}},"right":{"aggregate":[4.0,8.0]}}},"right":{"aggregate":[2.0,0.0]}}},"right":{"predicate":{"type":">=","left":{"type":"ArithmeticVariable","name":"IPM"},"right":{"type":"ArithmeticConstant","value":70.75381469726563}},"left":{"predicate":{"type":"Membership","name":"Resident","subset":["Yes"]},"left":{"predicate":{"type":"Membership","name":"Party","subset":["Garuda","Golkar","NasDem","PDIP"]},"left":{"aggregate":[110.0,0.0]},"right":{"aggregate":[31.0,13.0]}},"right":{"predicate":{"type":">=","left":{"type":"ArithmeticVariable","name":"PPM"},"right":{"type":"ArithmeticConstant","value":18.47798728942871}},"left":{"predicate":{"type":">=","left":{"type":"ArithmeticVariable","name":"CandiNum"},"right":{"type":"ArithmeticConstant","value":3.00390625}},"left":{"aggregate":[10.0,7.0]},"right":{"predicate":{"type":">=","left":{"type":"ArithmeticVariable","name":"CandiNum"},"right":{"type":"ArithmeticConstant","value":7.0029296875}},"left":{"aggregate":[57.0,6.0]},"right":{"aggregate":[6.0,4.0]}}},"right":{"aggregate":[7.0,6.0]}}},"right":{"predicate":{"type":"Membership","name":"Resident","subset":["No"]},"left":{"predicate":{"type":">=","left":{"type":"ArithmeticVariable","name":"CandiNum"},"right":{"type":"ArithmeticConstant","value":5.0078125}},"left":{"aggregate":[29.0,24.0]},"right":{"aggregate":[33.0,7.0]}},"right":{"predicate":{"type":"Membership","name":"Party","subset":["Golkar","PDIP","PKPI"]},"left":{"predicate":{"type":">=","left":{"type":"ArithmeticVariable","name":"Longitude"},"right":{"type":"ArithmeticConstant","value":116.5677490234375}},"left":{"aggregate":[68.0,0.0]},"right":{"aggregate":[5.0,3.0]}},"right":{"aggregate":[7.0,14.0]}}}}}