{"predicate":{"type":">=","left":{"type":"ArithmeticVariable","name":"IPM"},"right":{"type":"ArithmeticConstant","value":72.03728485107422}},"left":{"predicate":{"type":">=","left":{"type":"ArithmeticVariable","name":"CandiNum"},"right":{"type":"ArithmeticConstant","value":2.001953125}},"left":{"predicate":{"type":">=","left":{"type":"ArithmeticVariable","name":"IPM"},"right":{"type":"ArithmeticConstant","value":70.62799072265625}},"left":{"predicate":{"type":"Membership","name":"Party","subset":["Demokrat","Gerindra","Golkar","NasDem","PAN","PDIP","PKB","PKS","PPP"]},"left":{"aggregate":[35.0,0.0]},"right":{"predicate":{"type":">=","left":{"type":"ArithmeticVariable","name":"Latitude"},"right":{"type":"ArithmeticConstant","value":-3.644346237182617}},"left":{"predicate":{"type":">=","left":{"type":"ArithmeticVariable","name":"Longitude"},"right":{"type":"ArithmeticConstant","value":104.90277099609375}},"left":{"aggregate":[0.0,15.0]},"right":{"predicate":{"type":">=","left":{"type":"ArithmeticVariable","name":"IPM"},"right":{"type":"ArithmeticConstant","value":69.24385833740235}},"left":{"predicate":{"type":"Membership","name":"Party","subset":["Berkarya","Garuda","Gerindra","Hanura","NasDem","PAN","PBB","PKPI","PPP","PSI","Perindo"]},"left":{"aggregate":[4.0,48.0]},"right":{"aggregate":[7.0,21.0]}},"right":{"predicate":{"type":">=","left":{"type":"ArithmeticVariable","name":"IPM"},"right":{"type":"ArithmeticConstant","value":70.14983367919922}},"left":{"aggregate":[1.0,41.0]},"right":{"aggregate":[4.0,24.0]}}}},"right":{"predicate":{"type":"Membership","name":"Gender","subset":["F"]},"left":{"predicate":{"type":">=","left":{"type":"ArithmeticVariable","name":"APM"},"right":{"type":"ArithmeticConstant","value":66.55247497558594}},"left":{"aggregate":[12.0,45.0]},"right":{"aggregate":[0.0,8.0]}},"right":{"aggregate":[3.0,5.0]}}}},"right":{"predicate":{"type":"Membership","name":"Party","subset":["Berkarya","Demokrat","Garuda","Gerindra","Golkar","Hanura","PBB","PDIP","PKB","PKPI"]},"left":{"aggregate":[8.0,17.0]},"right":{"aggregate":[1.0,46.0]}}},"right":{"predicate":{"type":">=","left":{"type":"ArithmeticVariable","name":"CandiNum"},"right":{"type":"ArithmeticConstant","value":5.0078125}},"left":{"predicate":{"type":"Membership","name":"Party","subset":["Berkarya","Demokrat","Garuda","Gerindra","Hanura","PAN","PBB","PKB","PKPI","PKS","PPP","PSI","Perindo"]},"left":{"aggregate":[22.0,32.0]},"right":{"predicate":{"type":">=","left":{"type":"ArithmeticVariable","name":"PPM"},"right":{"type":"ArithmeticConstant","value":15.693954467773438}},"left":{"predicate":{"type":"Membership","name":"Party","subset":["Golkar","NasDem","PDIP","PKB"]},"left":{"predicate":{"type":">=","left":{"type":"ArithmeticVariable","name":"APM"},"right":{"type":"ArithmeticConstant","value":75.76185607910156}},"left":{"aggregate":[100.0,0.0]},"right":{"aggregate":[2.0,2.0]}},"right":{"aggregate":[13.0,1.0]}},"right":{"aggregate":[22.0,4.0]}}},"right":{"predicate":{"type":"Membership","name":"Party","subset":["Berkarya","Garuda","Gerindra","Hanura","PAN","PBB","PKB","PKPI","PKS","PPP","PSI","Perindo"]},"left":{"aggregate":[32.0,14.0]},"right":{"aggregate":[81.0,0.0]}}}},"right":{"predicate":{"type":">=","left":{"type":"ArithmeticVariable","name":"PPM"},"right":{"type":"ArithmeticConstant","value":4.315732479095459}},"left":{"aggregate":[38.0,26.0]},"right":{"predicate":{"type":">=","left":{"type":"ArithmeticVariable","name":"Longitude"},"right":{"type":"ArithmeticConstant","value":112.05620574951172}},"left":{"predicate":{"type":">=","left":{"type":"ArithmeticVariable","name":"IPM"},"right":{"type":"ArithmeticConstant","value":78.98310089111328}},"left":{"predicate":{"type":">=","left":{"type":"ArithmeticVariable","name":"CandiNum"},"right":{"type":"ArithmeticConstant","value":1.0087890625}},"left":{"aggregate":[10.0,53.0]},"right":{"predicate":{"type":">=","left":{"type":"ArithmeticVariable","name":"CandiNum"},"right":{"type":"ArithmeticConstant","value":5.0078125}},"left":{"predicate":{"type":"Membership","name":"Party","subset":["Berkarya","Garuda","Hanura","NasDem","PAN","PBB","PKPI","PPP","PSI","Perindo"]},"left":{"aggregate":[17.0,33.0]},"right":{"aggregate":[30.0,3.0]}},"right":{"aggregate":[29.0,4.0]}}},"right":{"aggregate":[2.0,7.0]}},"right":{"aggregate":[19.0,28.0]}}}}