{"predicate":{"type":">=","left":{"type":"ArithmeticVariable","name":"CandiNum"},"right":{"type":"ArithmeticConstant","value":2.001953125}},"left":{"predicate":{"type":">=","left":{"type":"ArithmeticVariable","name":"IPM"},"right":{"type":"ArithmeticConstant","value":64.89013671875}},"left":{"aggregate":[8.0,26.0]},"right":{"predicate":{"type":"Membership","name":"Party","subset":["Berkarya","Garuda","Hanura","PBB","PKPI","PSI","Perindo"]},"left":{"predicate":{"type":">=","left":{"type":"ArithmeticVariable","name":"Latitude"},"right":{"type":"ArithmeticConstant","value":-7.6897172927856449}},"left":{"predicate":{"type":">=","left":{"type":"ArithmeticVariable","name":"CandiNum"},"right":{"type":"ArithmeticConstant","value":1.0087890625}},"left":{"aggregate":[4.0,45.0]},"right":{"aggregate":[18.0,8.0]}},"right":{"predicate":{"type":">=","left":{"type":"ArithmeticVariable","name":"CandiNum"},"right":{"type":"ArithmeticConstant","value":1.0087890625}},"left":{"predicate":{"type":"Membership","name":"Gender","subset":["M"]},"left":{"aggregate":[6.0,44.0]},"right":{"predicate":{"type":"Membership","name":"Party","subset":["Berkarya","Demokrat","Garuda","Gerindra","Hanura","NasDem","PAN","PBB","PDIP","PKPI","PSI","Perindo"]},"left":{"predicate":{"type":">=","left":{"type":"ArithmeticVariable","name":"Longitude"},"right":{"type":"ArithmeticConstant","value":112.01556396484375}},"left":{"predicate":{"type":">=","left":{"type":"ArithmeticVariable","name":"Longitude"},"right":{"type":"ArithmeticConstant","value":109.17044830322266}},"left":{"aggregate":[5.0,51.0]},"right":{"aggregate":[0.0,18.0]}},"right":{"aggregate":[6.0,15.0]}},"right":{"aggregate":[1.0,113.0]}}},"right":{"predicate":{"type":">=","left":{"type":"ArithmeticVariable","name":"PPM"},"right":{"type":"ArithmeticConstant","value":12.35311508178711}},"left":{"predicate":{"type":">=","left":{"type":"ArithmeticVariable","name":"APM"},"right":{"type":"ArithmeticConstant","value":58.20648193359375}},"left":{"aggregate":[0.0,17.0]},"right":{"aggregate":[14.0,41.0]}},"right":{"aggregate":[8.0,17.0]}}}},"right":{"aggregate":[70.0,0.0]}}},"right":{"predicate":{"type":">=","left":{"type":"ArithmeticVariable","name":"CandiNum"},"right":{"type":"ArithmeticConstant","value":5.0078125}},"left":{"predicate":{"type":">=","left":{"type":"ArithmeticVariable","name":"Latitude"},"right":{"type":"ArithmeticConstant","value":1.488046646118164}},"left":{"predicate":{"type":"Membership","name":"Party","subset":["Berkarya","Demokrat","Garuda","Gerindra","Hanura","PAN","PBB","PKPI","PKS","PPP","PSI","Perindo"]},"left":{"predicate":{"type":"Membership","name":"Party","subset":["Berkarya","Demokrat","Garuda","Gerindra","Hanura","NasDem","PAN","PBB","PDIP","PKPI","PKS","PPP","PSI","Perindo"]},"left":{"aggregate":[25.0,13.0]},"right":{"aggregate":[19.0,35.0]}},"right":{"predicate":{"type":"Membership","name":"Resident","subset":["Yes"]},"left":{"aggregate":[80.0,1.0]},"right":{"predicate":{"type":"Membership","name":"Party","subset":["Berkarya","Garuda","Gerindra","Golkar","Hanura","NasDem","PAN","PBB","PDIP","PKB","PKPI","PPP","PSI","Perindo"]},"left":{"aggregate":[21.0,4.0]},"right":{"aggregate":[40.0,0.0]}}}},"right":{"aggregate":[12.0,11.0]}},"right":{"predicate":{"type":"Membership","name":"Party","subset":["Berkarya","Garuda","Gerindra","Hanura","PAN","PBB","PKPI","PKS","PPP","PSI","Perindo"]},"left":{"predicate":{"type":">=","left":{"type":"ArithmeticVariable","name":"APM"},"right":{"type":"ArithmeticConstant","value":72.71124267578125}},"left":{"aggregate":[44.0,13.0]},"right":{"aggregate":[8.0,7.0]}},"right":{"aggregate":[106.0,0.0]}}}}