[
    {
        "name": "tree_rDiatGNE0gNTkOP6_44",
        "formulae": [
            {
                "weight": 1.0,
                "predicate": {
                    "type": "&&",
                    "operands": [
                        {
                            "type": "!",
                            "internal": {
                                "type": ">=",
                                "left": {
                                    "type": "ArithmeticVariable",
                                    "name": "CandiNum"
                                },
                                "right": {
                                    "type": "ArithmeticConstant",
                                    "value": 1.0087890625
                                }
                            }
                        }
                    ]
                }
            }
        ]
    },
    {
        "name": "tree_rDiatGNE0gNTkOP6_36",
        "formulae": [
            {
                "weight": 1.0,
                "predicate": {
                    "type": "&&",
                    "operands": [
                        {
                            "type": "Membership",
                            "name": "Party",
                            "subset": [
                                "Demokrat",
                                "Gerindra",
                                "Golkar",
                                "NasDem",
                                "PAN",
                                "PDIP",
                                "PKB",
                                "PKPI",
                                "PKS"
                            ]
                        }
                    ]
                }
            }
        ]
    },
    {
        "name": "tree_rDiatGNE0gNTkOP6_63",
        "formulae": [
            {
                "weight": 1.0,
                "predicate": {
                    "type": "&&",
                    "operands": [
                        {
                            "type": ">=",
                            "left": {
                                "type": "ArithmeticVariable",
                                "name": "CandiNum"
                            },
                            "right": {
                                "type": "ArithmeticConstant",
                                "value": 2.001953125
                            }
                        }
                    ]
                }
            }
        ]
    },
    {
        "name": "tree_rDiatGNE0gNTkOP6_65",
        "formulae": [
            {
                "weight": 1.0,
                "predicate": {
                    "type": "&&",
                    "operands": [
                        {
                            "type": ">=",
                            "left": {
                                "type": "ArithmeticVariable",
                                "name": "CandiNum"
                            },
                            "right": {
                                "type": "ArithmeticConstant",
                                "value": 1.0087890625
                            }
                        }
                    ]
                }
            }
        ]
    },
    {
        "name": "tree_rDiatGNE0gNTkOP6_59",
        "formulae": [
            {
                "weight": 1.0,
                "predicate": {
                    "type": "&&",
                    "operands": [
                        {
                            "type": "!",
                            "internal": {
                                "type": "Membership",
                                "name": "Gender",
                                "subset": [
                                    "F"
                                ]
                            }
                        }
                    ]
                }
            }
        ]
    },
    {
        "name": "tree_rDiatGNE0gNTkOP6_54",
        "formulae": [
            {
                "weight": 1.0,
                "predicate": {
                    "type": "&&",
                    "operands": [
                        {
                            "type": "!",
                            "internal": {
                                "type": ">=",
                                "left": {
                                    "type": "ArithmeticVariable",
                                    "name": "CandiNum"
                                },
                                "right": {
                                    "type": "ArithmeticConstant",
                                    "value": 1.0087890625
                                }
                            }
                        }
                    ]
                }
            }
        ]
    },
    {
        "name": "tree_rDiatGNE0gNTkOP6_35",
        "formulae": [
            {
                "weight": 1.0,
                "predicate": {
                    "type": "&&",
                    "operands": [
                        {
                            "type": "!",
                            "internal": {
                                "type": "Membership",
                                "name": "Party",
                                "subset": [
                                    "Berkarya",
                                    "Garuda",
                                    "Hanura",
                                    "PBB",
                                    "PKPI",
                                    "PSI",
                                    "Perindo"
                                ]
                            }
                        }
                    ]
                }
            }
        ]
    },
    {
        "name": "tree_rDiatGNE0gNTkOP6_49",
        "formulae": [
            {
                "weight": 1.0,
                "predicate": {
                    "type": "&&",
                    "operands": [
                        {
                            "type": ">=",
                            "left": {
                                "type": "ArithmeticVariable",
                                "name": "CandiNum"
                            },
                            "right": {
                                "type": "ArithmeticConstant",
                                "value": 2.001953125
                            }
                        }
                    ]
                }
            }
        ]
    },
    {
        "name": "tree_rDiatGNE0gNTkOP6_27",
        "formulae": [
            {
                "weight": 1.0,
                "predicate": {
                    "type": "&&",
                    "operands": [
                        {
                            "type": "Membership",
                            "name": "Party",
                            "subset": [
                                "Demokrat",
                                "Gerindra",
                                "Golkar",
                                "NasDem",
                                "PAN",
                                "PDIP",
                                "PKB",
                                "PKS",
                                "PPP"
                            ]
                        }
                    ]
                }
            }
        ]
    },
    {
        "name": "tree_rDiatGNE0gNTkOP6_74",
        "formulae": [
            {
                "weight": 1.0,
                "predicate": {
                    "type": "&&",
                    "operands": [
                        {
                            "type": "!",
                            "internal": {
                                "type": ">=",
                                "left": {
                                    "type": "ArithmeticVariable",
                                    "name": "CandiNum"
                                },
                                "right": {
                                    "type": "ArithmeticConstant",
                                    "value": 1.0087890625
                                }
                            }
                        }
                    ]
                }
            }
        ]
    }
]