{
    "feature_types": [
        {
            "super_type": "number",
            "name": "CandiNum",
            "number_definition": {
                "min": 1.0,
                "max": 10.0
            }
        },
        {
            "super_type": "collection",
            "name": "Gender",
            "collection_definition": [
                "F",
                "M"
            ]
        },
        {
            "super_type": "collection",
            "name": "Party",
            "collection_definition": [
                "PKPI",
                "PBB",
                "Hanura",
                "PKB",
                "Garuda",
                "PSI",
                "Gerindra",
                "PDIP",
                "Golkar",
                "PKS",
                "Perindo",
                "NasDem",
                "Berkarya",
                "PPP",
                "Demokrat",
                "PAN"
            ]
        },
        {
            "super_type": "collection",
            "name": "Resident",
            "collection_definition": [
                "No",
                "Yes"
            ]
        },
        {
            "super_type": "number",
            "name": "Latitude",
            "number_definition": {
                "min": -9.85,
                "max": 4.24
            }
        },
        {
            "super_type": "number",
            "name": "Longitude",
            "number_definition": {
                "min": 96.53,
                "max": 138.15
            }
        },
        {
            "super_type": "number",
            "name": "APM",
            "number_definition": {
                "min": 32.19,
                "max": 91.13
            }
        },
        {
            "super_type": "number",
            "name": "IPM",
            "number_definition": {
                "min": 57.29,
                "max": 83.06
            }
        },
        {
            "super_type": "number",
            "name": "PPM",
            "number_definition": {
                "min": 3.42,
                "max": 28.21
            }
        },
        {
            "super_type": "collection",
            "name": "Result",
            "collection_definition": [
                "0",
                "1"
            ]
        }
    ],
    "features": [
        {
            "name": "CandiNum",
            "type": "CandiNum"
        },
        {
            "name": "Gender",
            "type": "Gender"
        },
        {
            "name": "Party",
            "type": "Party"
        },
        {
            "name": "Resident",
            "type": "Resident"
        },
        {
            "name": "Latitude",
            "type": "Latitude"
        },
        {
            "name": "Longitude",
            "type": "Longitude"
        },
        {
            "name": "APM",
            "type": "APM"
        },
        {
            "name": "IPM",
            "type": "IPM"
        },
        {
            "name": "PPM",
            "type": "PPM"
        },
        {
            "name": "Result",
            "type": "Result"
        }
    ],
    "arithmetic_compound_features": []
}